story_id,image_data,name_data
127,https://static2.tinkoff.ru/portfolio/stories/icons/pin.png,Изменить пин-код
254,https://static2.tinkoff.ru/portfolio/stories/icons/strelka_icon_18-07_zahod.png,Пополнить «Стрелку»
865,https://static2.tinkoff.ru/portfolio/stories/images/investicii_11-05_zahod.jpg,Тинькофф Инвестиции 2.0
1491,https://static2.tinkoff.ru/portfolio/stories/images/fl1_1.jpg,Что делать на Faces & Laces
598,https://static2.tinkoff.ru/portfolio/stories/images/neobichnie_vidi_sporta_02-04_zahod.jpg,Необычные виды спорта
202,https://static2.tinkoff.ru/portfolio/stories/icons/skrit__icon.png,Скрытые карты
1405,https://static2.tinkoff.ru/portfolio/stories/images/chd_creditka-hranit_pechenka.png,Как хранить карту
195,https://static2.tinkoff.ru/portfolio/stories/images/341_cover.jpg,Рестораны для дружеских встреч
1524,https://static2.tinkoff.ru/portfolio/stories/images/1523/bag1_01.jpg,Рюкзаки для школы
205,https://static2.tinkoff.ru/portfolio/stories/images/overdraft_14-05_zahod.jpg,Что такое овердрафт
267,https://static2.tinkoff.ru/portfolio/stories/images/61_cover.jpg,Как не надо экономить
306,https://static2.tinkoff.ru/portfolio/stories/images/0-grace-joint.jpg,Покупки без процентов
279,https://static2.tinkoff.ru/portfolio/stories/images/154a_cover.jpg,Книга или фильм?
320,https://static2.tinkoff.ru/portfolio/stories/images/371_cover.jpg,Узнать свой ИНН
286,https://static2.tinkoff.ru/portfolio/stories/images/348_cover.jpg,Бронь ресторанов
410,https://static2.tinkoff.ru/portfolio/stories/images/vklad_ili_schet_1.png,Счет или вклад?
371,https://static2.tinkoff.ru/portfolio/stories/images/kids_card1.jpg,Детская карта
363,https://static2.tinkoff.ru/portfolio/stories/images/multicur_1mini.jpg,Карта с 4 валютами
477,https://static2.tinkoff.ru/portfolio/stories/images/popolni-kartu-kak-ugodno.jpg,Как пополнить карту
534,https://static2.tinkoff.ru/portfolio/stories/images/zhileti_23-03_zahod.jpg,Поправки в ПДД
1365,https://static2.tinkoff.ru/portfolio/stories/images/Yamusic020818_1.jpg,Танцы до утра
677,https://static2.tinkoff.ru/portfolio/stories/images/zp_17-04_zahod.jpg,Как поднять себе зарплату
1331,https://static2.tinkoff.ru/portfolio/stories/icons/gde-sniat_icon_24-07_zahod.png,Где снять валюту
539,https://static2.tinkoff.ru/portfolio/stories/images/podkasti_26-03_zahod.jpg,Подкасты на русском
543,https://static2.tinkoff.ru/portfolio/stories/images/perevod_zahod_28-03.jpg,Перевод по номеру телефона
663,https://static2.tinkoff.ru/portfolio/stories/images/mfc_16-04_zahod.jpg,Справки в МФЦ
701,https://static2.tinkoff.ru/portfolio/stories/images/akciya_zp_20-04_zahod.jpg,Зарплата на Tinkoff Black
540,https://static2.tinkoff.ru/portfolio/stories/images/Iphone_avito_23-03_zahod.jpg,Как продать Айфон
710,https://static2.tinkoff.ru/portfolio/stories/images/culinaryon2404_cover.jpg,Научиться готовить: 5 блюд
644,https://static2.tinkoff.ru/portfolio/stories/images/perevod_ne_dohod_12-04_zahod1.jpg,Налог с перевода
595,https://static2.tinkoff.ru/portfolio/stories/images/ugnali_05-04_zahod.jpg,Мою машину угнали
655,https://static2.tinkoff.ru/portfolio/stories/images/virtual_dopcard.jpg,Карта для онлайн-платежей
544,https://static2.tinkoff.ru/portfolio/stories/images/perevod_zahod_28-03.jpg,Перевод по номеру телефона
687,https://static2.tinkoff.ru/portfolio/stories/images/kniga_weekand_2004.jpg,Что читать на выходных
914,https://static2.tinkoff.ru/portfolio/stories/images/esquire1.jpg,Фестиваль Esquire Weekend 
551,https://static2.tinkoff.ru/portfolio/stories/images/osago_28-03_zahod.jpg,ОСАГО не выходя из дома
627,https://static2.tinkoff.ru/portfolio/stories/images/vor_10-04_zahod.jpg,Легко ли вас ограбить
703,https://static2.tinkoff.ru/portfolio/stories/images/akciya_zp_20-04_zahod.jpg,Зарплата на Tinkoff Black
732,https://static2.tinkoff.ru/portfolio/stories/images/732_cookie.png,Сосед с дрелью
672,https://static2.tinkoff.ru/portfolio/stories/images/valuta_16-04_zahod.jpg,Как менять валюту
657,https://static2.tinkoff.ru/portfolio/stories/images/657_cookie.png,Перевод идет долго
695,https://static2.tinkoff.ru/portfolio/stories/images/photo_wed_1.jpg,Профессия: свадебный фотограф
613,https://static2.tinkoff.ru/portfolio/stories/images/online_doctor_zahod.jpg,Онлайн-медицина
788,https://static2.tinkoff.ru/portfolio/stories/images/zahod_dostavka.jpg,Сервисы доставки еды
771,https://static2.tinkoff.ru/portfolio/stories/images/771_cookie.png,Чужая карта
1482,https://static2.tinkoff.ru/portfolio/stories/images/car-tech1_02.jpg,Гаджеты для авто
483,https://static2.tinkoff.ru/portfolio/stories/images/popolni-kartu-s-karty.jpg,Пополнение в один клик
596,https://static2.tinkoff.ru/portfolio/stories/images/akcii_2017_05-04_zahod.png,Лучшие акции – 2017
145,https://static2.tinkoff.ru/portfolio/stories/icons/pin.png,Изменить пин-код
1023,https://static2.tinkoff.ru/portfolio/stories/images/horror1006_0.jpg,Лучшие хорроры
794,https://static2.tinkoff.ru/portfolio/stories/images/podpiski_07-05_zahod.jpg,Платные подписки
699,https://static2.tinkoff.ru/portfolio/stories/images/akciya_zp_20-04_zahod.jpg,Зарплата на Tinkoff Black
734,https://static2.tinkoff.ru/portfolio/stories/images/berlin1.jpg,Как у них: Берлин
948,https://static2.tinkoff.ru/portfolio/stories/images/bonus_bvkl_29-05_zahod.jpg,Новые условия по вкладам
874,https://static2.tinkoff.ru/portfolio/stories/images/qwest1.jpg,Франшиза: квесты
886,https://static2.tinkoff.ru/portfolio/stories/images/alorsa_21-05_1.jpg,Дивиденды «Алросы»
1046,https://static2.tinkoff.ru/portfolio/stories/images/heroes4m1.jpg,Главные фавориты ЧМ
1162,https://static2.tinkoff.ru/portfolio/stories/images/fifa18_results_cookie.png,
995,https://static2.tinkoff.ru/portfolio/stories/images/chd_nalogi-birzha_pechenka.png,Налоги на бирже
1451,https://static2.tinkoff.ru/portfolio/stories/images/places1_01.jpg,Успеть до конца лета
150,https://static2.tinkoff.ru/portfolio/stories/icons/regular_icon_17-07_zahod.png,Регулярный платеж 
779,https://static2.tinkoff.ru/portfolio/stories/images/779_cookie.png,Снять много наличных
137,https://static2.tinkoff.ru/portfolio/stories/icons/on_pincod.png,Блокировка карты
147,https://static2.tinkoff.ru/portfolio/stories/icons/autoplata_icon_22-06_zahod.png,Подключить подписки
915,https://static2.tinkoff.ru/portfolio/stories/images/kreditka_zahod_21-05.jpg,Опасная кредитка
1090,https://static2.tinkoff.ru/portfolio/stories/images/parishak1.jpg,Париж: лайфхаки
1114,https://static2.tinkoff.ru/portfolio/stories/images/1113/tinkoff_mobile_07-06_zahod.jpg,В отпуск с Тинькофф Мобайлом
875,https://static2.tinkoff.ru/portfolio/stories/images/vozvrat_17-05-zahod.jpg,Как вернуть покупку
829,https://static2.tinkoff.ru/portfolio/stories/images/TaxFree1.jpg,Такс-фри в Европе
1033,https://static2.tinkoff.ru/portfolio/stories/images/swimsuit2018_1.jpg,Купальники на лето
1133,https://static2.tinkoff.ru/portfolio/stories/images/ivest_tesla_26-06_11.jpg,«Тесла» сокращает сотрудников
987,https://static2.tinkoff.ru/portfolio/stories/images/ordinary1.jpg,Что купить у The Ordinary
859,https://static2.tinkoff.ru/portfolio/stories/images/creditka-zahod_15-05.jpg,Кредитка на 10% дешевле
977,https://static2.tinkoff.ru/portfolio/stories/images/chd_proc_pechenka.png,Банк снижает процент
952,https://static2.tinkoff.ru/portfolio/stories/images/pg1.jpg,Парк Горького летом
1116,https://static2.tinkoff.ru/portfolio/stories/images/fifa18_results_cookie.png,
908,https://static2.tinkoff.ru/portfolio/stories/images/verevki1.jpg,Веревочные парки Петербурга
954,https://static2.tinkoff.ru/portfolio/stories/images/barcelona1.jpg,Как у них: Барселона
919,https://static2.tinkoff.ru/portfolio/stories/images/eco_24-05_zahod.jpg,Как экономить на упаковке
1037,https://static2.tinkoff.ru/portfolio/stories/images/amperka1.jpg,Бизнес: магазин электроники
920,https://static2.tinkoff.ru/portfolio/stories/images/rushotel1.jpg,Вместо дачи
892,https://static2.tinkoff.ru/portfolio/stories/images/sd_pristav_21-05_zahod.jpg,Проверьте себя
833,https://static2.tinkoff.ru/portfolio/stories/images/pinzeria1505.jpg,Где есть пинцу
1020,https://static2.tinkoff.ru/portfolio/stories/images/summerfood2018_1.jpg,Сезонные продукты
1029,https://static2.tinkoff.ru/portfolio/stories/images/nakop_07-06_zahod.jpg,Как накопить на старость
999,https://static2.tinkoff.ru/portfolio/stories/images/kniga_racional_04-06_oblozhka.png,Верные решения: 5 книг
804,https://static2.tinkoff.ru/portfolio/stories/images/kasko_07-05_zahod.jpg,Зачем вам каско
938,https://static2.tinkoff.ru/portfolio/stories/images/chd_kurenie_pechenka.png,Соседи курят
909,https://static2.tinkoff.ru/portfolio/stories/images/PMEF_BgrPch.png,
1093,https://static2.tinkoff.ru/portfolio/stories/images/zahod_kino210618.jpg,Что смотреть в кино
135,https://static2.tinkoff.ru/portfolio/stories/icons/nakop-schet_icon_zahod.png,Открыть целевой счет
144,https://static2.tinkoff.ru/portfolio/stories/images/spravka_cover.jpg,Справка из банка
153,https://static2.tinkoff.ru/portfolio/stories/icons/nakop-schet_icon_zahod.png,Открыть целевой счет
991,https://static2.tinkoff.ru/portfolio/stories/images/summer2018_art1.jpg,Летние выставки в Москве
1038,https://static2.tinkoff.ru/portfolio/stories/images/etiket1.jpg,Cпектакль для двоих
1000,https://static2.tinkoff.ru/portfolio/stories/images/start_05-06_zahod1.jpg,Новинки российского кино
1370,https://static2.tinkoff.ru/portfolio/stories/images/zaemshik-ipoteka_24-07_1.jpg,Идеальный заемщик по ипотеке
835,https://static2.tinkoff.ru/portfolio/stories/images/835_cookie.png,Вычет за квартиру
910,https://static2.tinkoff.ru/portfolio/stories/images/exkurs2.jpg,Профессия: экскурсовод
1030,https://static2.tinkoff.ru/portfolio/stories/images/kidsfashionss18_1.jpg,Детская одежда из России
894,https://static2.tinkoff.ru/portfolio/stories/images/spb_rest0.jpg,Лучшие кафе и рестораны Петербурга
980,https://static2.tinkoff.ru/portfolio/stories/images/npf_04-06_zahod.jpg,Как получать большую пенсию
1079,https://static2.tinkoff.ru/portfolio/stories/images/uniform_4m1.jpg,Форма сборных ЧМ
1096,https://static2.tinkoff.ru/portfolio/stories/images/fifa18_results_cookie.png,
1153,https://static2.tinkoff.ru/portfolio/stories/images/portfel-football_28-06_1.jpg,Вложиться в футбол
1157,https://static2.tinkoff.ru/portfolio/stories/images/summerfests3006-6.jpg,Главные фестивали лета
1262,https://static2.tinkoff.ru/portfolio/stories/images/wienart1307-1.jpg,Музеи Вены   
1401,https://static2.tinkoff.ru/portfolio/stories/images/mus-070818-Zahod.jpg,Концерты: от Хаски до Uma2rman
1289,https://static2.tinkoff.ru/portfolio/stories/images/bbq1807-1.jpg,5 идей для барбекю
1144,https://static2.tinkoff.ru/portfolio/stories/images/gamer_26-06_11.jpg,Вложиться в игры
1169,https://static2.tinkoff.ru/portfolio/stories/images/yaplaylist1.jpg,7 популярных плей-листов
354,https://static2.tinkoff.ru/portfolio/stories/images/alishka_cover.jpg,Гаджеты с AliExpress 
409,https://static2.tinkoff.ru/portfolio/stories/images/ali_1.jpg,Осторожнее на AliExpress
1155,https://static2.tinkoff.ru/portfolio/stories/images/evakuator207-0.jpg,Ваш автомобиль эвакуируют 
599,https://static2.tinkoff.ru/portfolio/stories/images/neobichnie_vidi_sporta_02-04_zahod.jpg,Необычные виды спорта
1062,https://static2.tinkoff.ru/portfolio/stories/images/fifa18_results_cookie.png,
1296,https://static2.tinkoff.ru/portfolio/stories/images/poezdka-mnth_1.jpg,Месяц до поездки
981,https://static2.tinkoff.ru/portfolio/stories/images/sd_pochta_04-06_zahod.jpg,Проверьте себя
1012,https://static2.tinkoff.ru/portfolio/stories/images/sd_file_07-06_zahod.jpg,Проверьте себя
1301,https://static2.tinkoff.ru/portfolio/stories/images/1301/1.jpg,День до поездки
1422,https://static2.tinkoff.ru/portfolio/stories/images/lisboa1.jpg,Лиссабон за 24 часа
1452,https://static2.tinkoff.ru/portfolio/stories/images/places1_02.jpg,Успеть до конца лета
155,https://static2.tinkoff.ru/portfolio/stories/icons/incognito.png,Режим инкогнито
1208,https://static2.tinkoff.ru/portfolio/stories/images/nashestvie_05-07_1.jpg,Наше Нашествие
1266,https://static2.tinkoff.ru/portfolio/stories/images/wiencafe1.jpg,Кофейная культура Вены 
1240,https://static2.tinkoff.ru/portfolio/stories/images/korean1107-0_1.jpg,Корейские фильмы
1276,https://static2.tinkoff.ru/portfolio/stories/images/1276/1.jpg,Что смотреть на Netflix
239,https://static2.tinkoff.ru/portfolio/stories/images/229_cover.jpg,Получить дом бесплатно
265,https://static2.tinkoff.ru/portfolio/stories/icons/komunalka_icon.png,Счета за коммуналку
1436,https://static2.tinkoff.ru/portfolio/stories/images/watermelon1308-1.jpg,Как выбрать арбуз
216,https://static2.tinkoff.ru/portfolio/stories/icons/troika_icon_20-07_zahod.png,Пополнить «Тройку»
1248,https://static2.tinkoff.ru/portfolio/stories/images/1248-1.jpg,На кого учиться?
1252,https://static2.tinkoff.ru/portfolio/stories/images/boxnike_1.jpg,Спорт в парке Горького
1285,https://static2.tinkoff.ru/portfolio/stories/images/1285/chd_crediti_pechenka.png,Ремонт в кредит
1446,https://static2.tinkoff.ru/portfolio/stories/images/krug1-magic_02.jpg,Стильные надувные круги
1267,https://static2.tinkoff.ru/portfolio/stories/images/wientogo1.jpg,Вена для местных   
1292,https://static2.tinkoff.ru/portfolio/stories/images/chd_vozvrat-deneg_pechenka.png,Вернуть билеты
1425,https://static2.tinkoff.ru/portfolio/stories/images/lisboa-food1.jpg,Лучшие кафе Лиссабона
129,https://static2.tinkoff.ru/portfolio/stories/icons/autoplata_icon_22-06_zahod.png,Подключить подписки
300,https://static2.tinkoff.ru/portfolio/stories/images/etf.png,Инвестиции для осторожных
228,https://static2.tinkoff.ru/portfolio/stories/icons/autoplata_icon_22-06_zahod.png,Автооплата штрафов
1347,https://static2.tinkoff.ru/portfolio/stories/images/zar3007-1.jpg,Зарядье летом
576,https://static2.tinkoff.ru/portfolio/stories/images/ipoteka_20-03_1.jpg,Новинки Тинькофф Ипотеки
313,https://static2.tinkoff.ru/portfolio/stories/icons/percent.png,Перевести кредит
600,https://static2.tinkoff.ru/portfolio/stories/images/decorator00.jpg,Профессии: декоратор
373,https://static2.tinkoff.ru/portfolio/stories/images/c2c_cover.jpg,Переводы без комиссии
1348,https://static2.tinkoff.ru/portfolio/stories/images/pool2707-1.jpg,Открытые бассейны 
1040,https://static2.tinkoff.ru/portfolio/stories/images/sing1606_1.jpg,Как у них: Сингапур
1063,https://static2.tinkoff.ru/portfolio/stories/images/fifa18_results_cookie.png,
1081,https://static2.tinkoff.ru/portfolio/stories/images/fifa18_results_cookie.png,
1556,https://static2.tinkoff.ru/portfolio/stories/images/1555/run.jpg,Онлайн-забег
183,https://static2.tinkoff.ru/portfolio/stories/icons/vklad_icon_13-06_zahod_.png,Как открыть вклад
138,https://static2.tinkoff.ru/portfolio/stories/icons/incognito.png,Режим инкогнито
169,https://static2.tinkoff.ru/portfolio/stories/images/182_cover.jpg,Кофемашины для дома
1397,https://static2.tinkoff.ru/portfolio/stories/images/ETF_gold_k_1.jpg,Вложиться в золото
1519,https://static2.tinkoff.ru/portfolio/stories/images/1519/dota11.jpg,25 млн $ за Доту
399,https://static2.tinkoff.ru/portfolio/stories/images/girl_and_bag_transfer2703.jpg,Перелеты и трансфер
1098,https://static2.tinkoff.ru/portfolio/stories/images/black-edition-dbt_09-06_1.jpg,Повысьте статус карты
1112,https://static2.tinkoff.ru/portfolio/stories/images/sd_svet_21-06_1.jpg,Проверьте себя
1159,https://static2.tinkoff.ru/portfolio/stories/images/disabled_help_1.png,Чем полезен онлайн-банк
1142,https://static2.tinkoff.ru/portfolio/stories/images/fifa18_results_cookie.png,
1148,https://static2.tinkoff.ru/portfolio/stories/images/fifa18_results_cookie.png,
1254,https://static2.tinkoff.ru/portfolio/stories/icons/qr-cod-sobrtat_11_07_icon-zahod.png,Переводы по QR-коду
1172,https://static2.tinkoff.ru/portfolio/stories/icons/podderjka_icon_29-06_zahod.png,Связь с банком
136,https://static2.tinkoff.ru/portfolio/stories/icons/vklad_icon_13-06_zahod_.png,Как открыть вклад
123,https://static2.tinkoff.ru/portfolio/stories/images/277_cover.jpg,Тинькофф Истории
171,https://static2.tinkoff.ru/portfolio/stories/images/319_cover.jpg,Мошенники в сфере ЖКХ
175,https://static2.tinkoff.ru/portfolio/stories/images/302_cover.jpg,Книги для творчества
152,https://static2.tinkoff.ru/portfolio/stories/icons/komunalka_icon.png,Оплатить ЖКХ
1532,https://static2.tinkoff.ru/portfolio/stories/images/1532/cookie.png,Как дела у Dropbox
247,https://static2.tinkoff.ru/portfolio/stories/images/133_cover.jpg,Как разбогатеть
132,https://static2.tinkoff.ru/portfolio/stories/icons/regular_icon_17-07_zahod.png,Регулярный платеж 
259,https://static2.tinkoff.ru/portfolio/stories/icons/valuta_icon.png,Валютные переводы
1431,https://static2.tinkoff.ru/portfolio/stories/images/detect1208-1.jpg,Триллеры-детективы
1545,https://static2.tinkoff.ru/portfolio/stories/images/1545/thai1.jpg,Как у них: Таиланд
302,https://static2.tinkoff.ru/portfolio/stories/images/nalog11.png,Вычет за лечение
206,https://static2.tinkoff.ru/portfolio/stories/images/overdraft_14-05_zahod.jpg,Что такое овердрафт
230,https://static2.tinkoff.ru/portfolio/stories/icons/autoplata_icon_22-06_zahod.png,Автооплата штрафов
296,https://static2.tinkoff.ru/portfolio/stories/images/1-zvonok-tap1.png,Связь с банком
1328,https://static2.tinkoff.ru/portfolio/stories/images/1328/1.jpg,Рэп: новинки недели 
1099,https://static2.tinkoff.ru/portfolio/stories/images/black-edition-dbt_09-06_1.jpg,Повысьте статус карты
1521,https://static2.tinkoff.ru/portfolio/stories/images/1521/wp1.jpg,Оборудовать рабочее место
291,https://static2.tinkoff.ru/portfolio/stories/images/345_cover.jpg,5 необычных квестов 
303,https://static2.tinkoff.ru/portfolio/stories/images/131_cover.jpg,Сколько копить на квартиру
380,https://static2.tinkoff.ru/portfolio/stories/images/museum_cover.jpg,Необычные музеи
442,https://static2.tinkoff.ru/portfolio/stories/images/coffee-friends.jpg,Разделить счет
419,https://static2.tinkoff.ru/portfolio/stories/images/new_york1.jpg,Дорогие города
580,https://static2.tinkoff.ru/portfolio/stories/images/dogovor_02-04_zahod.jpg,Как читать договор
1523,https://static2.tinkoff.ru/portfolio/stories/images/1523/bag1.jpg,Рюкзаки для школы
240,https://static2.tinkoff.ru/portfolio/stories/images/324_cover.jpg,Разделить счет с друзьями
460,https://static2.tinkoff.ru/portfolio/stories/images/tuch_mus_11_mini.jpg,Интерактивные музеи
507,https://static2.tinkoff.ru/portfolio/stories/images/zahod_run_apps.jpg,Приложения для бега
1225,https://static2.tinkoff.ru/portfolio/stories/images/chd_skandoc_pechenka.png,Скан договора
798,https://static2.tinkoff.ru/portfolio/stories/images/798_cookie.png,Накопился отпуск
1255,https://static2.tinkoff.ru/portfolio/stories/icons/qr-cod-sobrtat_11_07_icon-zahod.png,Переводы по QR-коду
1555,https://static2.tinkoff.ru/portfolio/stories/images/1555/run1.jpg,Онлайн-забег
449,https://static2.tinkoff.ru/portfolio/stories/images/bankomat_1.png,Банкоматы Тинькофф
368,https://static2.tinkoff.ru/portfolio/stories/images/soc_ipoteka_mini.jpg,Ипотека под 6% 
381,https://static2.tinkoff.ru/portfolio/stories/images/zhivopis_1.jpg,Бизнес: арт-студия
327,https://static2.tinkoff.ru/portfolio/stories/images/ali_smart_gadget.jpg,Аксессуары для смартфона
443,https://static2.tinkoff.ru/portfolio/stories/images/coffee-friends.jpg,Разделить счет
1174,https://static2.tinkoff.ru/portfolio/stories/images/fifa18_results_cookie.png,
420,https://static2.tinkoff.ru/portfolio/stories/images/01-6-pravil-kreditki.jpg,6 правил кредитки
459,https://static2.tinkoff.ru/portfolio/stories/images/maraphon_1.jpg,Пробежать марафон
508,https://static2.tinkoff.ru/portfolio/stories/images/zahod_run_apps.jpg,Приложения для бега
806,https://static2.tinkoff.ru/portfolio/stories/images/flight_1.jpg,Мой рейс переполнен
844,https://static2.tinkoff.ru/portfolio/stories/images/wildmint_intro.jpg,Фестиваль «Дикая мята»
1557,https://static2.tinkoff.ru/portfolio/stories/images/mus280818-1.jpg,Концерты недели
317,https://static2.tinkoff.ru/portfolio/stories/images/no_ali.jpg,Не покупать на AliExpress
1309,https://static2.tinkoff.ru/portfolio/stories/icons/akcii_icon_19-07_zahod.png,Какие акции купить?
877,https://static2.tinkoff.ru/portfolio/stories/images/good_l_17-05_zahod.jpg,Распознать хорошего юриста
744,https://static2.tinkoff.ru/portfolio/stories/images/sd_karta_26-04_1.jpg,Проверьте себя
482,https://static2.tinkoff.ru/portfolio/stories/images/popolni-kartu-s-karty.jpg,Пополнение в один клик
582,https://static2.tinkoff.ru/portfolio/stories/images/invest_100k_26-03_zahod.jpg,Куда еще вложить 100к
944,https://static2.tinkoff.ru/portfolio/stories/images/musicfestssum0.jpg,Arma X и не только
1065,https://static2.tinkoff.ru/portfolio/stories/images/sokol1906_1.jpg,Сокольники летом
308,https://static2.tinkoff.ru/portfolio/stories/images/0-grace-joint.jpg,Покупки без процентов
293,https://static2.tinkoff.ru/portfolio/stories/images/vygoda_tinkoffblack_02.png,Выжать максимум из Tinkoff Black
323,https://static2.tinkoff.ru/portfolio/stories/images/0P7A1598.jpg,Бизнес: Кофейный островок
258,https://static2.tinkoff.ru/portfolio/stories/icons/valuta_icon.png,Валютные переводы
488,https://static2.tinkoff.ru/portfolio/stories/images/park_life_2018_1.jpg,Фестиваль Park Live
470,https://static2.tinkoff.ru/portfolio/stories/images/ETF_1.png,Вложить в Китай
808,https://static2.tinkoff.ru/portfolio/stories/images/sd_pasportstol_08-05_zahod.jpg,Проверьте себя
895,https://static2.tinkoff.ru/portfolio/stories/images/spb_museum0.jpg,Музеи Петербурга
940,https://static2.tinkoff.ru/portfolio/stories/icons/invest_icon.png,Лайфхак по инвестициям
1100,https://static2.tinkoff.ru/portfolio/stories/images/GK_zaem_1.jpg,Новые правила займов
1304,https://static2.tinkoff.ru/portfolio/stories/images/1304/1.jpg,Лучшие рестораны Киева
348,https://static2.tinkoff.ru/portfolio/stories/images/0-grace-joint.jpg,Покупки без процентов
319,https://static2.tinkoff.ru/portfolio/stories/images/371_cover.jpg,Узнать свой ИНН
298,https://static2.tinkoff.ru/portfolio/stories/images/354_cover_fixed.jpg,Зачем вам допкарта
382,https://static2.tinkoff.ru/portfolio/stories/images/finpodushka_1.jpg,Прожить без зарплаты
421,https://static2.tinkoff.ru/portfolio/stories/images/refinans_1.png,Что делать с ипотекой
1082,https://static2.tinkoff.ru/portfolio/stories/images/parisbobo1.jpg,Богемный Париж
458,https://static2.tinkoff.ru/portfolio/stories/images/kvartira_1.png,Получить квартиру 
196,https://static2.tinkoff.ru/portfolio/stories/images/342_cover.jpg,Лучшие рестораны Сочи
405,https://static2.tinkoff.ru/portfolio/stories/images/pekarnya_01.jpg,Бизнес: пекарня
394,https://static2.tinkoff.ru/portfolio/stories/images/aa_more_miles_11.jpg,Как копить мили
347,https://static2.tinkoff.ru/portfolio/stories/images/0-grace-joint.jpg,Покупки без процентов
532,https://static2.tinkoff.ru/portfolio/stories/images/zahod_regularnaya_plata_za_internet_22-03.jpg,Регулярный платеж за интернет
489,https://static2.tinkoff.ru/portfolio/stories/images/digest_kukuha_1.png,Во что поиграть 
559,https://static2.tinkoff.ru/portfolio/stories/images/ipoteka_20-03_1.jpg,Новинки Тинькофф Ипотеки
604,https://static2.tinkoff.ru/portfolio/stories/images/skritie_storiz_31-03.jpg,Что нового в Историях
941,https://static2.tinkoff.ru/portfolio/stories/icons/invest_icon.png,Лайфхак инвестиций
285,https://static2.tinkoff.ru/portfolio/stories/images/348_cover.jpg,Бронь ресторанов
428,https://static2.tinkoff.ru/portfolio/stories/images/pizza_00.jpg,Бизнес: пиццерия
423,https://static2.tinkoff.ru/portfolio/stories/images/favorite_1.png,Избранные платежи
445,https://static2.tinkoff.ru/portfolio/stories/images/prosto-platezh-bez-teksta.jpg,Как оплатить парковку
756,https://static2.tinkoff.ru/portfolio/stories/images/uyutik0105.jpg,Майские выходные дома
496,https://static2.tinkoff.ru/portfolio/stories/images/knigi_kriptovaluta.jpg,Книги про биткойн
586,https://static2.tinkoff.ru/portfolio/stories/images/frenchprovince00.jpg,Как у них: Франция
866,https://static2.tinkoff.ru/portfolio/stories/images/spb_view0.jpg,На что посмотреть в Петербурге
745,https://static2.tinkoff.ru/portfolio/stories/images/moshenniki_26-04_zahod.jpg,Вымогают деньги
352,https://static2.tinkoff.ru/portfolio/stories/images/sotka_1.jpg,Куда вложить 100 000 ₽
446,https://static2.tinkoff.ru/portfolio/stories/images/prosto-platezh-bez-teksta.jpg,Как оплатить парковку
475,https://static2.tinkoff.ru/portfolio/stories/images/barber1.jpg,Бизнес: барбершоп
587,https://static2.tinkoff.ru/portfolio/stories/images/Podpiski_na_knigi_05-04_zahod.jpg,Книги по подписке
1311,https://static2.tinkoff.ru/portfolio/stories/images/travel210718-2.jpg,Едете за границу?
809,https://static2.tinkoff.ru/portfolio/stories/images/rieltori_04-05_zahod.jpg,Риелтор для сделки
923,https://static2.tinkoff.ru/portfolio/stories/images/icecream1.jpg,Лучшее мороженое
846,https://static2.tinkoff.ru/portfolio/stories/images/notarius_15-05_zahod.jpg,Когда нужен нотариус
957,https://static2.tinkoff.ru/portfolio/stories/images/beatfilm_24-05_zahod.jpg,Гид по Beat Fest
491,https://static2.tinkoff.ru/portfolio/stories/images/foodcort_zahod.jpg,Фуд-корты Москвы
1083,https://static2.tinkoff.ru/portfolio/stories/images/parisview1.jpg,Лучшие виды на город
372,https://static2.tinkoff.ru/portfolio/stories/images/kids_card1.jpg,Детская карта
1312,https://static2.tinkoff.ru/portfolio/stories/images/1312/1.jpg,Бизнес: походы на байдарках
867,https://static2.tinkoff.ru/portfolio/stories/images/mus_night_spb0.jpg,Куда пойти на «Ночь в музее» 
879,https://static2.tinkoff.ru/portfolio/stories/images/kino2405_0.jpg,Что смотреть в кино
819,https://static2.tinkoff.ru/portfolio/stories/images/almaty_1205_cover.jpg,Как у них: Алма-Ата
837,https://static2.tinkoff.ru/portfolio/stories/images/PLATEZHI_26-04_zahod.jpg,Как выгоднее платить ипотеку?
847,https://static2.tinkoff.ru/portfolio/stories/images/creditka-zahod_15-05.jpg,Кредитка на 10% дешевле
537,https://static2.tinkoff.ru/portfolio/stories/images/skolko_investirovat_23-03_zahod.jpg,Деньги для инвестиций
1329,https://static2.tinkoff.ru/portfolio/stories/images/rassrochka-debit_03-07_1.jpg,Рассрочка в Тинькофф
896,https://static2.tinkoff.ru/portfolio/stories/images/msci_21-05_zahod.jpg,Индекс MSCI
912,https://static2.tinkoff.ru/portfolio/stories/images/taxi_24-05_zahod.jpg,Боюсь привязывать карту
1234,https://static2.tinkoff.ru/portfolio/stories/images/kredit_nal_09-07_1.jpg,Кредит наличными
924,https://static2.tinkoff.ru/portfolio/stories/images/artists4.jpg,Музыканты новой волны
958,https://static2.tinkoff.ru/portfolio/stories/images/chd_otguli_pechenka.png,Дали отгулы
1179,https://static2.tinkoff.ru/portfolio/stories/images/kredit-story-oshibki_02-06_1.jpg,Ошибки в кредитной истории
521,https://static2.tinkoff.ru/portfolio/stories/images/zahod_apple_pay_22-03.jpg,Подключить «Эпл-пэй»
589,https://static2.tinkoff.ru/portfolio/stories/images/kredit_nalich_03-04_zahod.jpg,Кредит наличными
616,https://static2.tinkoff.ru/portfolio/stories/images/616_cookie.png,Безопасный ремонт ноутбука
478,https://static2.tinkoff.ru/portfolio/stories/images/popolni-kartu-kak-ugodno.jpg,Как пополнить карту
454,https://static2.tinkoff.ru/portfolio/stories/images/spitzbergen.jpg,Как у них: Шпицберген
666,https://static2.tinkoff.ru/portfolio/stories/images/ceni_bileti_16-04_zahod.jpg,Авиабилеты подорожают
796,https://static2.tinkoff.ru/portfolio/stories/images/komissia_07-05_zahod.jpg,Комиссия за рубежом
522,https://static2.tinkoff.ru/portfolio/stories/images/zahod_regularnaya_plata_za_internet_22-03.jpg,Регулярный платеж за интернет
498,https://static2.tinkoff.ru/portfolio/stories/images/open-second-card.jpg,Как открыть доп. карту
838,https://static2.tinkoff.ru/portfolio/stories/images/838_cookie.png,Вложить в МФО
622,https://static2.tinkoff.ru/portfolio/stories/images/mbvklady_1080x1920_0.png,Вклад в ₽: что делать
820,https://static2.tinkoff.ru/portfolio/stories/images/pizza1305_zahod.jpg,Франшиза: пиццерия
868,https://static2.tinkoff.ru/portfolio/stories/images/sd_telega_17-05_zahod.jpg,Проверьте себя
897,https://static2.tinkoff.ru/portfolio/stories/images/chd_cookie_late.png,Опоздание на работу
982,https://static2.tinkoff.ru/portfolio/stories/images/obuv_trend_01-06_zahod.jpg,5 обувных трендов на лето
913,https://static2.tinkoff.ru/portfolio/stories/images/musicfest1.jpg,Европейские фестивали
945,https://static2.tinkoff.ru/portfolio/stories/images/boscofest1.jpg,Bosco Fresh Fest
1366,https://static2.tinkoff.ru/portfolio/stories/images/afk-cookie.png,Результаты АФК Система
925,https://static2.tinkoff.ru/portfolio/stories/images/bot_25-05_zahod.jpg,День ИП
1066,https://static2.tinkoff.ru/portfolio/stories/images/tur_18-06_1.jpg,Вылет задержан
1013,https://static2.tinkoff.ru/portfolio/stories/images/kap-rem_06-06_1.jpg,Что такое капремонт
1001,https://static2.tinkoff.ru/portfolio/stories/images/kinogid070618_01.jpg,Что смотреть в кино
151,https://static2.tinkoff.ru/portfolio/stories/icons/perevodi_icon_zahod.png,C карты на карту
607,https://static2.tinkoff.ru/portfolio/stories/images/dlya_dr_bankomat_1.png,Что умеют банкоматы Тинькофф
810,https://static2.tinkoff.ru/portfolio/stories/images/ipoteka_bonus_07-05_zahod.jpg,Как получить бонус за ипотеку 
479,https://static2.tinkoff.ru/portfolio/stories/images/dop_card_link.png,Привязать доп. карту
499,https://static2.tinkoff.ru/portfolio/stories/images/open-second-card.jpg,Как открыть доп. карту
455,https://static2.tinkoff.ru/portfolio/stories/images/link_card_1_fix.png,Карта другого банка
608,https://static2.tinkoff.ru/portfolio/stories/images/update_4-2_zahod.jpg,Новые фишки приложения
545,https://static2.tinkoff.ru/portfolio/stories/images/mv_1_2903.png,Платежи в валюте
650,https://static2.tinkoff.ru/portfolio/stories/images/uvolen1.jpg,Если вас сократили
839,https://static2.tinkoff.ru/portfolio/stories/images/839_cookie.png,Стоимость земли
667,https://static2.tinkoff.ru/portfolio/stories/images/667_cookie.png,Серый доход
623,https://static2.tinkoff.ru/portfolio/stories/images/mbvklady_1080x1920_0.png,Вклад в ₽: что делать
645,https://static2.tinkoff.ru/portfolio/stories/images/test_moshenniki_soc_12-04_zahod.jpg,Проверьте себя
366,https://static2.tinkoff.ru/portfolio/stories/images/multicur_1mini.jpg,Карта с 4 валютами
708,https://static2.tinkoff.ru/portfolio/stories/images/moneta_23-04_zahod.jpg,Этот рубль за 445 $
133,https://static2.tinkoff.ru/portfolio/stories/icons/perevodi_icon_zahod.png,Переводы с карты на карту
1067,https://static2.tinkoff.ru/portfolio/stories/images/fifa18_results_cookie.png,
959,https://static2.tinkoff.ru/portfolio/stories/images/internet_vozvrat_31-05_1.jpg,Вернуть покупку из интернета
1002,https://static2.tinkoff.ru/portfolio/stories/images/san-fr11.jpg,Как у них: Сан-Франциско
1492,https://static2.tinkoff.ru/portfolio/stories/images/5_percent_1.jpg,Новая ставка по счету
1236,https://static2.tinkoff.ru/portfolio/stories/images/chd_yacheyka_pechenka.png,Банковская ячейка
547,https://static2.tinkoff.ru/portfolio/stories/images/Tinkoff_Drive_15_03_1.jpg,Не платить за машину
509,https://static2.tinkoff.ru/portfolio/stories/images/cshbck_bg_test_2.jpg,Ваш кэшбэк: {{cbs_sum}} ₽
500,https://static2.tinkoff.ru/portfolio/stories/images/zahod_best_krossi1.jpg,Беговые кроссовки 
538,https://static2.tinkoff.ru/portfolio/stories/images/online_kursi_27-03_zahod.jpg,Бесплатные курсы лучших вузов
517,https://static2.tinkoff.ru/portfolio/stories/images/penka_coffee1.jpg,Бизнес: кофейня
480,https://static2.tinkoff.ru/portfolio/stories/images/board_game_film_1.jpg,Настольные киноигры 
676,https://static2.tinkoff.ru/portfolio/stories/images/zahod_kuda_2104.jpg,Отдыхайте дешево
1330,https://static2.tinkoff.ru/portfolio/stories/icons/gde-sniat_icon_24-07_zahod.png,Где снять валюту
821,https://static2.tinkoff.ru/portfolio/stories/images/online_kino_10-05_1.jpg,Лучшие онлайн-кинотеатры
1381,https://static2.tinkoff.ru/portfolio/stories/images/fedex-cookie.png,Как дела у FedEx
1423,https://static2.tinkoff.ru/portfolio/stories/images/breakfast-msk1.jpg,Бранчи и завтраки 
898,https://static2.tinkoff.ru/portfolio/stories/images/trier1.jpg,Ларс фон Триер: главное
942,https://static2.tinkoff.ru/portfolio/stories/images/skida_br_29_05_11.jpg,Скидка на бензин
358,https://static2.tinkoff.ru/portfolio/stories/icons/Asset_306.png,С днем рождения!
467,https://static2.tinkoff.ru/portfolio/stories/images/Coursera_1.png,Курсы Coursera
566,https://static2.tinkoff.ru/portfolio/stories/images/zahod_shedevri_gmii_3003.jpg,Мировые шедевры в Москве
456,https://static2.tinkoff.ru/portfolio/stories/images/link_card_1_fix.png,Карта другого банка
729,https://static2.tinkoff.ru/portfolio/stories/images/wine_2704_1.jpg,Как выбрать вино
643,https://static2.tinkoff.ru/portfolio/stories/images/zahod_wine1304.jpg,Винные бары 
610,https://static2.tinkoff.ru/portfolio/stories/images/bali001.jpg,Как у них: Бали
1493,https://static2.tinkoff.ru/portfolio/stories/images/why-lis1_1.jpg,Зачем ехать в Лиссабон
746,https://static2.tinkoff.ru/portfolio/stories/images/podarki_20-04_zahod.jpg,Что подарить ребенку
625,https://static2.tinkoff.ru/portfolio/stories/images/music-1104.jpg,Музыкальные новинки
652,https://static2.tinkoff.ru/portfolio/stories/images/multivklad.jpg,Вклад в нескольких валютах
1068,https://static2.tinkoff.ru/portfolio/stories/images/masterclass_18-06_zahod1.jpg,Мастер-класс для ИП
811,https://static2.tinkoff.ru/portfolio/stories/images/zagran_07_05_zahod.jpg,Заграничный паспорт без очередей
592,https://static2.tinkoff.ru/portfolio/stories/images/jkh_05-04_zahod.jpg,Сэкономить на ЖКХ
481,https://static2.tinkoff.ru/portfolio/stories/images/dop_card_link.png,Привязать доп. карту
433,https://static2.tinkoff.ru/portfolio/stories/images/sd_cardlock_cookie_fix.jpg,Проверьте себя
1382,https://static2.tinkoff.ru/portfolio/stories/images/nike-cookie.png,Как дела у Nike
1383,https://static2.tinkoff.ru/portfolio/stories/images/car-service_11.jpg,Экономим на запчастях
700,https://static2.tinkoff.ru/portfolio/stories/images/akciya_zp_20-04_zahod.jpg,Зарплата на Tinkoff Black
747,https://static2.tinkoff.ru/portfolio/stories/images/zahod_esso205.jpg,Новые инди-группы
899,https://static2.tinkoff.ru/portfolio/stories/images/cannes_winner0.jpg,Канны-2018: победители
926,https://static2.tinkoff.ru/portfolio/stories/images/aeroport_25-05_zahod.jpg,Правила в аэропортах
946,https://static2.tinkoff.ru/portfolio/stories/images/bonus_vse_29-05_zahod.jpg,Новые условия по вкладам
1198,https://static2.tinkoff.ru/portfolio/stories/images/kino050718_0.jpg,Что смотреть в кино
611,https://static2.tinkoff.ru/portfolio/stories/images/update_4-2_zahod.jpg,Новые фишки приложения
636,https://static2.tinkoff.ru/portfolio/stories/images/zahod1_space_spb1204.jpg,Где увидеть звезды в Москве
1494,https://static2.tinkoff.ru/portfolio/stories/images/why-lis1.jpg,Зачем ехать в Лиссабон
647,https://static2.tinkoff.ru/portfolio/stories/images/podvodnii13.jpg,Профессия: подводный фотограф
1226,https://static2.tinkoff.ru/portfolio/stories/icons/limit_icon_04-06_zahod.png,Лимиты по картам
653,https://static2.tinkoff.ru/portfolio/stories/images/multivklad.jpg,Вклад в нескольких валютах
669,https://static2.tinkoff.ru/portfolio/stories/images/StereoletoStart.jpg,Фестиваль Tinkoff Stereoleto
681,https://static2.tinkoff.ru/portfolio/stories/images/veshi_sport_16-03_zahod.jpg,Вещи для спортсменов
637,https://static2.tinkoff.ru/portfolio/stories/images/zahod_space_spb1204.jpg,Космические музеи Петербурга
670,https://static2.tinkoff.ru/portfolio/stories/images/StereoletoStart.jpg,Фестиваль Tinkoff Stereoleto
626,https://static2.tinkoff.ru/portfolio/stories/images/sd_fake_ws_10-04_zahod.jpg,Проверьте себя
232,https://static2.tinkoff.ru/portfolio/stories/images/219_cover.jpg,Как получить ипотеку
546,https://static2.tinkoff.ru/portfolio/stories/images/Tinkoff_Drive_15_03_1.jpg,Не платить за машину
594,https://static2.tinkoff.ru/portfolio/stories/images/cookie34.png,Вопрос-ответ
654,https://static2.tinkoff.ru/portfolio/stories/images/zahodsyndicate.jpg,Молодые дизайнеры
619,https://static2.tinkoff.ru/portfolio/stories/images/zahod_spa.jpg,Домашний спа-уход
511,https://static2.tinkoff.ru/portfolio/stories/images/otchet_tinkoff2018.png,Отчет Тинькофф Банка 2017
730,https://static2.tinkoff.ru/portfolio/stories/images/game_16-04_zahod.jpg,Простые игры для смартфона
748,https://static2.tinkoff.ru/portfolio/stories/images/748_cookie.png,Кредит в нескольких банках
812,https://static2.tinkoff.ru/portfolio/stories/images/zahod_blues.jpg,Музыка: блюз 
1227,https://static2.tinkoff.ru/portfolio/stories/icons/limit_icon_04-06_zahod.png,Лимиты по картам
1495,https://static2.tinkoff.ru/portfolio/stories/images/apple_invest_cookie.png,Как дела у Apple
1332,https://static2.tinkoff.ru/portfolio/stories/images/1332/1.jpg,Музыка Лондона
1496,https://static2.tinkoff.ru/portfolio/stories/images/1496/remont1.jpg,Бизнес: ремонт электроники
683,https://static2.tinkoff.ru/portfolio/stories/images/cake_cover.jpg,Эталонные десерты в Москве
702,https://static2.tinkoff.ru/portfolio/stories/images/akciya_zp_20-04_zahod.jpg,Зарплата на Tinkoff Black
711,https://static2.tinkoff.ru/portfolio/stories/images/culinaryon2404_cover.jpg,Научиться готовить: 5 блюд
731,https://static2.tinkoff.ru/portfolio/stories/images/game_16-04_zahod.jpg,Простые игры для смартфона
801,https://static2.tinkoff.ru/portfolio/stories/images/anon_zahod1005.jpg,Что смотреть в кино
848,https://static2.tinkoff.ru/portfolio/stories/images/rub-50k_15-05_ZAHOD.jpg,Не тратьте этот рубль
783,https://static2.tinkoff.ru/portfolio/stories/images/o_cashback_26-05_mini.jpg,3 вопроса о кэшбэке
749,https://static2.tinkoff.ru/portfolio/stories/images/zahod_nike2804.jpg,Гид миллениала
1101,https://static2.tinkoff.ru/portfolio/stories/images/fifa_star11.jpg,Новые звезды ЧМ
628,https://static2.tinkoff.ru/portfolio/stories/images/628_cookie.png,Копия паспорта
1333,https://static2.tinkoff.ru/portfolio/stories/images/londonpark0.jpg,Парки Лондона
1069,https://static2.tinkoff.ru/portfolio/stories/images/cash_18-06_1.jpg,Как получать больше кэшбэка
1085,https://static2.tinkoff.ru/portfolio/stories/images/chm_shtrafi_19-06_1.jpg,Штрафы на ЧМ
927,https://static2.tinkoff.ru/portfolio/stories/images/dayinberlin1.jpg,День в Берлине
813,https://static2.tinkoff.ru/portfolio/stories/images/zurnali_07-05_zahod.jpg,Лучшие журналы о моде
656,https://static2.tinkoff.ru/portfolio/stories/images/virtual_dopcard.jpg,Карта для онлайн-платежей
766,https://static2.tinkoff.ru/portfolio/stories/images/uk_28-04_zahod.jpg,Новые правила работы УК
900,https://static2.tinkoff.ru/portfolio/stories/images/rus_knigi_21-05_0.jpg,Русская литература: новые имена
570,https://static2.tinkoff.ru/portfolio/stories/images/bm-cover_0404.png,7 книг о Средних веках
883,https://static2.tinkoff.ru/portfolio/stories/icons/mili_icon.png,Авиабилет за мили
840,https://static2.tinkoff.ru/portfolio/stories/images/ipoteca_iconom_15-05_zahod.jpg,Как сэкономить на ипотеке?
960,https://static2.tinkoff.ru/portfolio/stories/images/gazprom_d_31-05_11.jpg,Дивиденды «Газпрома»
620,https://static2.tinkoff.ru/portfolio/stories/images/zahod_gmii_leiden.jpg,Экскурсия по выставке Рембрандта
704,https://static2.tinkoff.ru/portfolio/stories/images/akciya_zp_20-04_zahod.jpg,Зарплата на Tinkoff Black
814,https://static2.tinkoff.ru/portfolio/stories/images/travel_app_23-04_zahod.jpg,Приложения для поездок
713,https://static2.tinkoff.ru/portfolio/stories/images/piter_cake2504.jpg,Эталонные десерты в Петербурге
673,https://static2.tinkoff.ru/portfolio/stories/images/valuta_16-04_zahod.jpg,Как менять валюту
823,https://static2.tinkoff.ru/portfolio/stories/images/zahod_home1405.jpg,5 магазинов декора
761,https://static2.tinkoff.ru/portfolio/stories/icons/icon_limit.png,Установить лимиты
850,https://static2.tinkoff.ru/portfolio/stories/images/creditka-zahod_15-05.jpg,Бесплатные оповещения
1102,https://static2.tinkoff.ru/portfolio/stories/images/foodphoto1.jpg,Профессия: фуд-фотограф
787,https://static2.tinkoff.ru/portfolio/stories/images/zahod_open.jpg,Кафе в стиле Уэса Андерсона
870,https://static2.tinkoff.ru/portfolio/stories/images/seoul1.jpg,Как у них: Сеул
688,https://static2.tinkoff.ru/portfolio/stories/images/zahod1_shining2.jpg,Стэнли Кубрик: что посмотреть
961,https://static2.tinkoff.ru/portfolio/stories/images/sd_kupon_31-05_zahod.jpg,Проверьте себя
851,https://static2.tinkoff.ru/portfolio/stories/images/creditka-zahod_15-05.jpg,10% баллами за всё
686,https://static2.tinkoff.ru/portfolio/stories/images/kv_vitrina_16-04_zahod.jpg,Найти квартиру в новостройке
928,https://static2.tinkoff.ru/portfolio/stories/images/berlingreen1.jpg,Лучший кофе в Берлине
767,https://static2.tinkoff.ru/portfolio/stories/images/zahod_comix305.jpg,5 магазинов комиксов
781,https://static2.tinkoff.ru/portfolio/stories/images/781_cookie.png,Как снизить кредитную нагрузку
789,https://static2.tinkoff.ru/portfolio/stories/images/ordinary705.jpg,Лучшая косметика до 500 ₽
815,https://static2.tinkoff.ru/portfolio/stories/images/travel_app_23-04_zahod.jpg,Приложения для поездок
901,https://static2.tinkoff.ru/portfolio/stories/images/taxi_21-05_zahod.jpg,Такси в аэропорту
1418,https://static2.tinkoff.ru/portfolio/stories/images/roadtrip1.jpg,Путешествия на машине
1457,https://static2.tinkoff.ru/portfolio/stories/images/lis1508-1.jpg,Продукт месяца: лисички
1070,https://static2.tinkoff.ru/portfolio/stories/images/4m_music1.jpg,Песни ЧМ-2018
947,https://static2.tinkoff.ru/portfolio/stories/images/bonus_bvkl_29-05_zahod.jpg,Новые условия по вкладам
1131,https://static2.tinkoff.ru/portfolio/stories/images/fifa18_results_cookie.png,
1335,https://static2.tinkoff.ru/portfolio/stories/images/london_bar1.jpg,Лондон: бары
762,https://static2.tinkoff.ru/portfolio/stories/icons/icon_limit.png,Установить лимиты
824,https://static2.tinkoff.ru/portfolio/stories/images/zahod_parki1405.jpg,Парки отдыха в Москве
792,https://static2.tinkoff.ru/portfolio/stories/images/tour_04-05_zahod.jpg,Заболел перед поездкой
841,https://static2.tinkoff.ru/portfolio/stories/images/zahod_zabeg_zaezd1605.jpg,Ночной велопробег в Петербурге
1003,https://static2.tinkoff.ru/portfolio/stories/images/sobaka_06-06_1_preview.jpg,Если укусила собака
128,https://static2.tinkoff.ru/portfolio/stories/icons/qrcod_07-05.png,Наличные без карты
784,https://static2.tinkoff.ru/portfolio/stories/images/505dubai7.jpg,Как у них: Дубай
751,https://static2.tinkoff.ru/portfolio/stories/images/zahod_twinpeaks3004.jpg,Сериалы на выходные
871,https://static2.tinkoff.ru/portfolio/stories/images/secretspb0.jpg,Секретные места Петербурга
793,https://static2.tinkoff.ru/portfolio/stories/images/sd_paypal_04-05_zahod.jpg,Проверьте себя
763,https://static2.tinkoff.ru/portfolio/stories/images/V-A-C.jpg,Выставка-спектакль в ММОМА
775,https://static2.tinkoff.ru/portfolio/stories/images/1_jewishnevozmozhnoeneizbezno.jpg,Выставка в Еврейском музее
773,https://static2.tinkoff.ru/portfolio/stories/images/sd_kupon_28-04_zahod.jpg,Проверьте себя
715,https://static2.tinkoff.ru/portfolio/stories/images/715_cookie.png,Показания счетчиков
696,https://static2.tinkoff.ru/portfolio/stories/images/696_cookie.png,Покупаю машину с рук
785,https://static2.tinkoff.ru/portfolio/stories/images/detsad2.jpg,Франшиза: детский центр
602,https://static2.tinkoff.ru/portfolio/stories/images/merch_05-04_zahod.jpg,Что купить в музее
992,https://static2.tinkoff.ru/portfolio/stories/images/nonfiction_04-06_zahod.jpg,Онлайн-кинотеатр Nonfiction
962,https://static2.tinkoff.ru/portfolio/stories/images/rinok_31-05_1.jpg,Рынок падает
852,https://static2.tinkoff.ru/portfolio/stories/images/creditka-zahod_15-05.jpg,Наличные без комиссии
1121,https://static2.tinkoff.ru/portfolio/stories/images/AA_return-money_1.jpg,Вернуть деньги за билеты
1103,https://static2.tinkoff.ru/portfolio/stories/images/1103/safe1.jpg,Как купить сейф
943,https://static2.tinkoff.ru/portfolio/stories/images/drops0.jpg,5 магазинов с дропами
983,https://static2.tinkoff.ru/portfolio/stories/images/muzgid050618_1.jpg,Рейвы и концерты недели 
768,https://static2.tinkoff.ru/portfolio/stories/images/zahod_weekly_flowers.jpg,Цветы по подписке
1336,https://static2.tinkoff.ru/portfolio/stories/images/zahod_kino260718.jpg,Что смотреть в кино
1183,https://static2.tinkoff.ru/portfolio/stories/images/pensia_tinkoff_14-06-1.jpg,Получать пенсию на Тинькофф
1086,https://static2.tinkoff.ru/portfolio/stories/images/ivest_rusgidro_19-06_1.jpg,Как дела у Русгидро
1211,https://static2.tinkoff.ru/portfolio/stories/images/vicium_05-07_1.jpg,Викиум: тренажер для мозга
1004,https://static2.tinkoff.ru/portfolio/stories/images/kak_sdat_06-06_1.jpg,Как сдать квартиру
1175,https://static2.tinkoff.ru/portfolio/stories/images/muzgid30718_0.jpg,Главные концерты недели
816,https://static2.tinkoff.ru/portfolio/stories/images/dengi_otpusk_10-05_zahod.jpg,Поменять деньги перед отпуском
853,https://static2.tinkoff.ru/portfolio/stories/images/kino_1705_0.jpg,Что смотреть в кино
769,https://static2.tinkoff.ru/portfolio/stories/images/run_28-04_zahod.jpg,5 беговых маршрутов 
692,https://static2.tinkoff.ru/portfolio/stories/images/kak_austria_1.jpg,Как у них: Австрия
693,https://static2.tinkoff.ru/portfolio/stories/images/komunalka_19-04_zahod.jpg,Оплата коммуналки
929,https://static2.tinkoff.ru/portfolio/stories/images/niceberlin1.jpg,Необычный Берлин
872,https://static2.tinkoff.ru/portfolio/stories/images/summer_spb0.jpg,Лето в Петербурге
842,https://static2.tinkoff.ru/portfolio/stories/images/1605runners_nike1.jpg,Начали бегать? 
963,https://static2.tinkoff.ru/portfolio/stories/images/bunch1.jpg,«Куча искусства»: Beat Fest
1071,https://static2.tinkoff.ru/portfolio/stories/images/simki_18-06_1.jpg,Проверка симок
776,https://static2.tinkoff.ru/portfolio/stories/images/zahod_sobibor.jpg,Что смотреть в кино
1104,https://static2.tinkoff.ru/portfolio/stories/images/craft2206-1.jpg,Крафт в Москве
1154,https://static2.tinkoff.ru/portfolio/stories/images/karaoke3006-1.jpg,Лучшие караоке-бары
984,https://static2.tinkoff.ru/portfolio/stories/images/chd_pay_pechenka.png,Возврат через «Эпл-пэй»
973,https://static2.tinkoff.ru/portfolio/stories/images/yandex0206_4.jpg,5 релизов недели
1122,https://static2.tinkoff.ru/portfolio/stories/images/chd_schet_pechenka.png,Счет за границей
1087,https://static2.tinkoff.ru/portfolio/stories/images/chd_spam_19-06_pechenka.png,Телефонные спамеры
1145,https://static2.tinkoff.ru/portfolio/stories/images/kinoleto18_0.jpg,Главные фильмы лета
1176,https://static2.tinkoff.ru/portfolio/stories/images/chd_eda_pechenka.png,Со своей едой нельзя
1459,https://static2.tinkoff.ru/portfolio/stories/images/veter1_01.jpg,Летний фестиваль
1337,https://static2.tinkoff.ru/portfolio/stories/images/london_break1.jpg,Английский завтрак
854,https://static2.tinkoff.ru/portfolio/stories/images/creditka-zahod_15-05.jpg,Кэшбэк 10% на всё
873,https://static2.tinkoff.ru/portfolio/stories/images/6000_17-05_zahod.jpg,Выиграйте 6000 миль
1024,https://static2.tinkoff.ru/portfolio/stories/images/chd_otpusk-vihi_pechenka.png,Отпуск в выходные
1045,https://static2.tinkoff.ru/portfolio/stories/images/kinogid140618_1.jpg,Что смотреть в кино 
774,https://static2.tinkoff.ru/portfolio/stories/images/velo_28-04_zahod.jpg,Лучшие городские велосипеды
1161,https://static2.tinkoff.ru/portfolio/stories/images/fifa18_results_cookie.png,
770,https://static2.tinkoff.ru/portfolio/stories/images/coffee2904_1.jpg,Франшиза: кофе-бар
1128,https://static2.tinkoff.ru/portfolio/stories/images/AA_sochi_1.png,Как накопить мили
777,https://static2.tinkoff.ru/portfolio/stories/images/mstiteli9.jpg,Всё о новых «Мстителях»
1146,https://static2.tinkoff.ru/portfolio/stories/images/monako3006_1.jpg,Как у них: Монако
1184,https://static2.tinkoff.ru/portfolio/stories/images/fifafail4.jpg,Сенсации ЧМ
765,https://static2.tinkoff.ru/portfolio/stories/icons/on_pincod.png,ПИН или подпись
1185,https://static2.tinkoff.ru/portfolio/stories/images/fifa18_results_cookie.png,
1460,https://static2.tinkoff.ru/portfolio/stories/images/veter1_02.jpg,Летний фестиваль
1338,https://static2.tinkoff.ru/portfolio/stories/images/londonday1.jpg,День в Лондоне
930,https://static2.tinkoff.ru/portfolio/stories/images/berlinfood1.jpg,Еда в Берлине
1150,https://static2.tinkoff.ru/portfolio/stories/images/kripta_28-06_1.jpg,Налог с крипты
885,https://static2.tinkoff.ru/portfolio/stories/images/angl_10-05_zahod.jpg,Как выучить английский
1072,https://static2.tinkoff.ru/portfolio/stories/images/1072/cookie/{{tr_country_nm}}.png,Траты в поездке
904,https://static2.tinkoff.ru/portfolio/stories/images/airbnb_22-05_zahod.jpg,Сдать жилье через Airbnb
1088,https://static2.tinkoff.ru/portfolio/stories/images/black-edition-credit_09-06_1.jpg,Повысьте статус карты
1105,https://static2.tinkoff.ru/portfolio/stories/images/remote1.jpg,Спектакль-путешествие
1006,https://static2.tinkoff.ru/portfolio/stories/images/avtolook1.jpg,Авто с пробегом
1199,https://static2.tinkoff.ru/portfolio/stories/images/fifa18_results_cookie.png,
931,https://static2.tinkoff.ru/portfolio/stories/images/berlinbar1.jpg,Бархоппинг в Берлине
1339,https://static2.tinkoff.ru/portfolio/stories/images/qatar2807-1.jpg,Как у них: Катар
1461,https://static2.tinkoff.ru/portfolio/stories/images/lis1_01.jpg,Продукт месяца: лисички
1212,https://static2.tinkoff.ru/portfolio/stories/images/1212/1.jpg,Еда в Риме
146,https://static2.tinkoff.ru/portfolio/stories/icons/qrcod_07-05.png,Наличные без карты
1014,https://static2.tinkoff.ru/portfolio/stories/images/banksymoscow1.jpg,Выставка Бэнкси
855,https://static2.tinkoff.ru/portfolio/stories/images/creditka-zahod_15-05.jpg,Наличные без комиссии
949,https://static2.tinkoff.ru/portfolio/stories/images/o_rekvisiti_28-05_1.jpg,Ошибка в реквизитах
1151,https://static2.tinkoff.ru/portfolio/stories/images/english0107_1.jpg,Бизнес: школа английского
932,https://static2.tinkoff.ru/portfolio/stories/images/bukmekeri_26-04_zahod.jpg,Не проиграть на ставках
1031,https://static2.tinkoff.ru/portfolio/stories/images/cm_bezopasnost_09-06_1.jpg,Защитите деньги на ЧМ-2018
887,https://static2.tinkoff.ru/portfolio/stories/images/spb_bar0.jpg,Бары Петербурга
1047,https://static2.tinkoff.ru/portfolio/stories/images/ivest_github_14-06_1.jpg,Микрософт купил Гитхаб
1054,https://static2.tinkoff.ru/portfolio/stories/icons/auto-vklad-zahod-icon.png,Что делать с вкладом?
985,https://static2.tinkoff.ru/portfolio/stories/images/vosvrat_pokupli_04-06_zahod.jpg,Вскрыть покупку из интернета
950,https://static2.tinkoff.ru/portfolio/stories/images/CHM-z_28-05_zahod.jpg,Главные запреты ЧМ
1057,https://static2.tinkoff.ru/portfolio/stories/images/tripgad1.jpg,Гаджеты для отпуска
964,https://static2.tinkoff.ru/portfolio/stories/images/ss18women1.jpg,6 сложных летних тенденций
1089,https://static2.tinkoff.ru/portfolio/stories/images/parisfood1.jpg,Еда в Париже
1123,https://static2.tinkoff.ru/portfolio/stories/images/return_money_car_1.png,Как вернуть машину
1243,https://static2.tinkoff.ru/portfolio/stories/images/rus_fb1.jpg,Сборная России
197,https://static2.tinkoff.ru/portfolio/stories/images/328_cover.jpg,Дать в долг государству
214,https://static2.tinkoff.ru/portfolio/stories/images/220_cover.jpg,Кредит наличными
1015,https://static2.tinkoff.ru/portfolio/stories/images/ios_photo_04-06_zahod.jpg,Обработка фото
1130,https://static2.tinkoff.ru/portfolio/stories/images/podrostok-i-rabota_1.jpg,Работа для подростка
856,https://static2.tinkoff.ru/portfolio/stories/images/creditka-zahod_15-05.jpg,Ваша кредитка бесплатна
1113,https://static2.tinkoff.ru/portfolio/stories/images/1113/tinkoff_mobile_07-06_zahod.jpg,В отпуск с Тинькофф Мобайлом
1287,https://static2.tinkoff.ru/portfolio/stories/images/1287/1_.jpg,Летние шляпки
1256,https://static2.tinkoff.ru/portfolio/stories/images/kredit_nal-poluchit_1.jpg,Выгодный кредит наличными
1073,https://static2.tinkoff.ru/portfolio/stories/images/muzgid190618_0.jpg,Концерты недели
1281,https://static2.tinkoff.ru/portfolio/stories/images/1281/1.jpg,Как написать объявление
1351,https://static2.tinkoff.ru/portfolio/stories/images/1351/1.jpg,Как не просрочить кредит
1462,https://static2.tinkoff.ru/portfolio/stories/images/lis1_02.jpg,Продукт месяца: лисички
1132,https://static2.tinkoff.ru/portfolio/stories/images/kot_trvl_1.png,Летать с животными
933,https://static2.tinkoff.ru/portfolio/stories/images/mask1.jpg,7 дней – 7 масок
1135,https://static2.tinkoff.ru/portfolio/stories/images/sd_operator_26-06_1.jpg,Проверьте себя
1187,https://static2.tinkoff.ru/portfolio/stories/images/online-kassa_1.jpg,Новости об онлайн-кассах
1282,https://static2.tinkoff.ru/portfolio/stories/images/chd_donat_pechenka.png,Налоги с донатов
1320,https://static2.tinkoff.ru/portfolio/stories/images/currency_travel_1.jpg,Валюта в отпуск
1463,https://static2.tinkoff.ru/portfolio/stories/images/non-fikshn_1.jpg,5 новинок нон-фикшн 
1498,https://static2.tinkoff.ru/portfolio/stories/images/zahod-goroda.jpg,Куда поехать на выходные
994,https://static2.tinkoff.ru/portfolio/stories/images/0606gmii1.jpg,В музей бесплатно
349,https://static2.tinkoff.ru/portfolio/stories/images/kak-letat-v-otpusk-besplatno.jpg,В отпуск бесплатно
1244,https://static2.tinkoff.ru/portfolio/stories/images/visage1.jpg,Профессия: визажист
217,https://static2.tinkoff.ru/portfolio/stories/icons/troika_icon_20-07_zahod.png,Пополнить «Тройку»
975,https://static2.tinkoff.ru/portfolio/stories/images/chm_shmot1.jpg,Сувениры ЧМ
986,https://static2.tinkoff.ru/portfolio/stories/images/junefest.jpg,Главные фестивали июня
1016,https://static2.tinkoff.ru/portfolio/stories/images/android_photo_04-06_zahod.jpg,Обработка фото
1032,https://static2.tinkoff.ru/portfolio/stories/images/sushimsk1.jpg,Где поесть суши
1074,https://static2.tinkoff.ru/portfolio/stories/images/pdd_18-06_1.jpg,Изменения в ПДД и ОСАГО 
905,https://static2.tinkoff.ru/portfolio/stories/images/insta_22-05_zahod.jpg,Инстаграм и налоги
965,https://static2.tinkoff.ru/portfolio/stories/images/baskiya0.jpg,Баския: взрыв реальности
951,https://static2.tinkoff.ru/portfolio/stories/images/kino300518_0.jpg,Что смотреть в кино
1202,https://static2.tinkoff.ru/portfolio/stories/images/1202/1.png,Документы к отпуску
1136,https://static2.tinkoff.ru/portfolio/stories/images/vereshagin1.jpg,Выставка Верещагина
1340,https://static2.tinkoff.ru/portfolio/stories/images/bank-communication_1.jpg,Как общаться с банком
1115,https://static2.tinkoff.ru/portfolio/stories/images/fifa18_results_cookie.png,
758,https://static2.tinkoff.ru/portfolio/stories/icons/icon_perevipusk.png,Перевыпуск карты
1165,https://static2.tinkoff.ru/portfolio/stories/images/TripAdvisor_1.jpg,Как читать отзывы в путешествии
1017,https://static2.tinkoff.ru/portfolio/stories/images/homesec1-1.jpg,Защититься от воров
1106,https://static2.tinkoff.ru/portfolio/stories/images/solomabag1.jpg,Плетеная сумка — тренд сезона
876,https://static2.tinkoff.ru/portfolio/stories/images/dubna_logo1905.jpg,Поехать за город: Дубна
1188,https://static2.tinkoff.ru/portfolio/stories/images/fennel1.jpg,Продукт месяца: фенхель
1124,https://static2.tinkoff.ru/portfolio/stories/images/kredit-story-poisk_25-06_1.jpg,Где искать кредитную историю
1283,https://static2.tinkoff.ru/portfolio/stories/images/chd_creditka_dla_kredit_pechenka.png,Кредит для кредитки
759,https://static2.tinkoff.ru/portfolio/stories/icons/icon_perevipusk.png,Перевыпуск карты
1499,https://static2.tinkoff.ru/portfolio/stories/images/zahod-goroda_tag.jpg,Куда поехать на выходные
916,https://static2.tinkoff.ru/portfolio/stories/images/chd_summa_pechenka.png,Перевезти деньги через границу
1367,https://static2.tinkoff.ru/portfolio/stories/icons/sberbank_icon_zahod.png,Переводы в Сбербанк
888,https://static2.tinkoff.ru/portfolio/stories/icons/tc_icon.png,Торговые центры 
966,https://static2.tinkoff.ru/portfolio/stories/images/attacca1.jpg,«Attacca»: Beat Fest
917,https://static2.tinkoff.ru/portfolio/stories/images/kreditka_pata_21-05_zahod.jpg,Выгодная кредитка
1058,https://static2.tinkoff.ru/portfolio/stories/images/intrigi4m.jpg,Главные интриги ЧМ
1166,https://static2.tinkoff.ru/portfolio/stories/images/shengen_trvl_1.png,Получить «шенген»
1048,https://static2.tinkoff.ru/portfolio/stories/images/moshenniki_mpf_14-06_1.jpg,Мошенники в НПФ
1018,https://static2.tinkoff.ru/portfolio/stories/images/cm_cena_06-06_1.jpg,Самые дорогие сборные ЧМ
935,https://static2.tinkoff.ru/portfolio/stories/images/concerts280518_0.jpg,Концерты недели
1288,https://static2.tinkoff.ru/portfolio/stories/images/ballonchik1607_1.jpg,Выбрать газовый баллончик
1007,https://static2.tinkoff.ru/portfolio/stories/images/peredelkino1.jpg,Переделкино на выходные 
1026,https://static2.tinkoff.ru/portfolio/stories/images/chs_avia_07-06_zahod.jpg,Черные списки пассажиров
1203,https://static2.tinkoff.ru/portfolio/stories/images/fifa18_results_cookie_fix2.png,Чемпионат мира 2018
1052,https://static2.tinkoff.ru/portfolio/stories/images/remont_tinkoff_14-06_11.jpg,Тинькофф Ремонт
1075,https://static2.tinkoff.ru/portfolio/stories/images/carshare2006-1.jpg,Как арендовать машину
906,https://static2.tinkoff.ru/portfolio/stories/images/sd_vk-bank_22-05_zahod.jpg,Проверьте себя
1213,https://static2.tinkoff.ru/portfolio/stories/images/1213/1.jpg,Прогулка по району Трастевере
1137,https://static2.tinkoff.ru/portfolio/stories/images/lozh_26-06_zahod.jpg,Шоу-игра о деньгах
1257,https://static2.tinkoff.ru/portfolio/stories/images/wienmusic1.jpg,Вена — город музыки   
1352,https://static2.tinkoff.ru/portfolio/stories/images/1352/1.jpg,Открыть счет в Европе
997,https://static2.tinkoff.ru/portfolio/stories/images/musthave2018_1.jpg,10 вещей на лето
830,https://static2.tinkoff.ru/portfolio/stories/images/Tamojnya1.jpg,Как работает таможня
1341,https://static2.tinkoff.ru/portfolio/stories/images/shoes2907-1.jpg,Бизнес: мужская обувь
889,https://static2.tinkoff.ru/portfolio/stories/icons/tc_icon.png,Торговые центры 
1368,https://static2.tinkoff.ru/portfolio/stories/icons/sberbank_icon_zahod.png,Переводы в Сбербанк
831,https://static2.tinkoff.ru/portfolio/stories/images/investicii_11-05_zahod.jpg,Тинькофф Инвестиции 2.0
936,https://static2.tinkoff.ru/portfolio/stories/images/sd_cb_28-05_zahod.jpg,Проверьте себя
890,https://static2.tinkoff.ru/portfolio/stories/images/yandex2005_4.jpg,Пять песен этой недели
953,https://static2.tinkoff.ru/portfolio/stories/images/rest010618_cover.jpg,Летнее меню
918,https://static2.tinkoff.ru/portfolio/stories/images/jercy1.jpg,Как у них: Нью-Джерси
1019,https://static2.tinkoff.ru/portfolio/stories/images/weekend1206_1.jpg,Длинные выходные
1117,https://static2.tinkoff.ru/portfolio/stories/images/fifa18_results_cookie.png,
1049,https://static2.tinkoff.ru/portfolio/stories/images/kredit-story_14-06_1.jpg,Что такое кредитная история
1036,https://static2.tinkoff.ru/portfolio/stories/images/lleto_airlines_08-06_11.jpg,Врываемся в лето  
907,https://static2.tinkoff.ru/portfolio/stories/images/starwars1.jpg,Подарки для фанатов «Звездных войн»
988,https://static2.tinkoff.ru/portfolio/stories/images/bagaj0806_1.jpg,Чемоданы для путешествий
1323,https://static2.tinkoff.ru/portfolio/stories/images/1323/1.jpg,Когда нужен кредит наличными
1042,https://static2.tinkoff.ru/portfolio/stories/images/fakt4m1.jpg,Главные цифры ЧМ
1027,https://static2.tinkoff.ru/portfolio/stories/images/vernut_popukupku_06-06_11.jpg,Магазин не возвращает деньги
978,https://static2.tinkoff.ru/portfolio/stories/images/security1.jpg,Квартира — крепость 
1369,https://static2.tinkoff.ru/portfolio/stories/images/mus-avangard1.jpg,Музей авангарда
1189,https://static2.tinkoff.ru/portfolio/stories/images/anderson_style00.jpg,Стиль Пола Томаса Андерсона
1076,https://static2.tinkoff.ru/portfolio/stories/images/zoj2006-1.jpg,Магазины здорового питания
1091,https://static2.tinkoff.ru/portfolio/stories/images/parisart1.jpg,Париж: арт-маршрут
1055,https://static2.tinkoff.ru/portfolio/stories/icons/auto-vklad-zahod-icon.png,Что делать с вкладом?
1059,https://static2.tinkoff.ru/portfolio/stories/images/yoga1806-1.jpg,Студии йоги
1258,https://static2.tinkoff.ru/portfolio/stories/images/chd_dolyakv_pechenka.png,Как продать свою долю
1108,https://static2.tinkoff.ru/portfolio/stories/images/fifa18_results_cookie.png,
1501,https://static2.tinkoff.ru/portfolio/stories/images/school2108-1.jpg,Как собрать ребенка в школу
1214,https://static2.tinkoff.ru/portfolio/stories/images/1214/1.jpg,Интересная статистика ЧМ
860,https://static2.tinkoff.ru/portfolio/stories/images/creditka-zahod_15-05.jpg,Вернули вам 590 ₽
1190,https://static2.tinkoff.ru/portfolio/stories/images/indie_ya607_0.jpg,Инди-новинки недели
1204,https://static2.tinkoff.ru/portfolio/stories/images/aa-mili_kredit_03-06_1.jpg,Какие бывают мили
937,https://static2.tinkoff.ru/portfolio/stories/images/fsk_28-05_zahod.jpg,Как дела у ФСК
998,https://static2.tinkoff.ru/portfolio/stories/images/bmw_05-06_1.jpg,Бензин в подарок
1009,https://static2.tinkoff.ru/portfolio/stories/images/weddingorg1006_0.jpg,Профессия: свадебный организатор
1060,https://static2.tinkoff.ru/portfolio/stories/images/chd_vichet_15-06_pechenka.png,Вычет за новостройку
1092,https://static2.tinkoff.ru/portfolio/stories/images/4mTeam1.jpg,Команды-открытия ЧМ
1028,https://static2.tinkoff.ru/portfolio/stories/images/rest100618_cover.jpg,Трансляции ЧМ-2018 в ресторанах
1324,https://static2.tinkoff.ru/portfolio/stories/images/1324/1.jpg,Бергман: с чего начать
1109,https://static2.tinkoff.ru/portfolio/stories/images/1109/ermitaj1.jpg,Сад «Эрмитаж» летом
1215,https://static2.tinkoff.ru/portfolio/stories/images/vata807-7.jpg,Бизнес: сахарная вата
1259,https://static2.tinkoff.ru/portfolio/stories/images/sub1307-1.jpg,Мультик про The Beatles
803,https://static2.tinkoff.ru/portfolio/stories/images/zahod_blago905.jpg,Как помочь другим
1125,https://static2.tinkoff.ru/portfolio/stories/images/obman_trvl_1.png,Как обманывают за границей
1035,https://static2.tinkoff.ru/portfolio/stories/images/leto_drive_08-06_11.jpg,Врываемся в лето
1126,https://static2.tinkoff.ru/portfolio/stories/images/chd_vozvrat-tovara_pechenka.png,Возврат товара
955,https://static2.tinkoff.ru/portfolio/stories/images/ege1.jpg,Бизнес: курсы подготовки к ЕГЭ
979,https://static2.tinkoff.ru/portfolio/stories/images/view_rest1.jpg,Рестораны с видом
990,https://static2.tinkoff.ru/portfolio/stories/images/chd_remont_pechenka.png,Долг за капремонт
862,https://static2.tinkoff.ru/portfolio/stories/images/kokt_bar_msk_0.jpg,Лучшие коктейли в Москве
1216,https://static2.tinkoff.ru/portfolio/stories/images/chd_creditstory_pechenka.png,Пропала кредитная история
1260,https://static2.tinkoff.ru/portfolio/stories/images/sub1307-1.jpg,Мультик про The Beatles
939,https://static2.tinkoff.ru/portfolio/stories/images/strahovka_28-05_zahod.jpg,Страховка в путешествии
863,https://static2.tinkoff.ru/portfolio/stories/images/kino_1705_0.jpg,Что смотреть в кино
1010,https://static2.tinkoff.ru/portfolio/stories/images/yandex100618_2.jpg,Только новинки: рэп и хип-хоп
1043,https://static2.tinkoff.ru/portfolio/stories/images/chd_minus_13-06_pechenka.png,Минус по дебетовке
1021,https://static2.tinkoff.ru/portfolio/stories/images/gamedigest_14.jpg,Распродажа в PS Store
893,https://static2.tinkoff.ru/portfolio/stories/images/chm-2k18_21-05_zahod.jpg,Безопасность на ЧМ-2018
921,https://static2.tinkoff.ru/portfolio/stories/images/chd_bankrotstvo_pechenka.png,Отмена рейса
1156,https://static2.tinkoff.ru/portfolio/stories/images/chd_komandirovki_pechenka.png,Как остаться резидентом
1078,https://static2.tinkoff.ru/portfolio/stories/images/gf_18-06_1.jpg,Grow Food: скидка 15%
1217,https://static2.tinkoff.ru/portfolio/stories/images/picnic907-1.jpg,Что приготовить на пикник?
1110,https://static2.tinkoff.ru/portfolio/stories/images/bike2506-1.jpg,Как выбрать велосипед
1261,https://static2.tinkoff.ru/portfolio/stories/images/1261/1.jpg,Как хранить карту
1118,https://static2.tinkoff.ru/portfolio/stories/images/1118/1.jpg,Вы в соцсетях
1342,https://static2.tinkoff.ru/portfolio/stories/images/london_market1.jpg,Рынки Лондона
834,https://static2.tinkoff.ru/portfolio/stories/images/sd_banki_14-05_zahod.jpg,Проверьте себя
1095,https://static2.tinkoff.ru/portfolio/stories/images/taiwan1.jpg,Как у них: Тайвань
1119,https://static2.tinkoff.ru/portfolio/stories/images/fifa18_results_cookie.png,
1127,https://static2.tinkoff.ru/portfolio/stories/images/fifahide_1.jpg,Спрятаться от ЧМ 
1011,https://static2.tinkoff.ru/portfolio/stories/images/lukoil_06-06-11.jpg,Как дела у «Лукойла»
970,https://static2.tinkoff.ru/portfolio/stories/images/opros_28-05_1mini.jpg,Поделитесь мнением
800,https://static2.tinkoff.ru/portfolio/stories/images/800_cookie.png,ЧД: банк забыл про долг
1191,https://static2.tinkoff.ru/portfolio/stories/images/zachem_kreditka_03-07_1.jpg,Зачем нужна кредитка
1343,https://static2.tinkoff.ru/portfolio/stories/images/july_food1.jpg,5 сезонных продуктов
1141,https://static2.tinkoff.ru/portfolio/stories/images/euromult1.jpg,5 мультиков на выходные
1147,https://static2.tinkoff.ru/portfolio/stories/images/books_cover_otpusk.png,Что читать в отпуске 
1218,https://static2.tinkoff.ru/portfolio/stories/images/summer_art1.jpg,Арт-гид на лето
1344,https://static2.tinkoff.ru/portfolio/stories/images/mission1.jpg,Всё о новой «Миссии»
1419,https://static2.tinkoff.ru/portfolio/stories/images/fb-cookie.png,Как дела у Facebook
1080,https://static2.tinkoff.ru/portfolio/stories/images/watch_4m1.jpg,Где еще смотреть ЧМ-2018
1152,https://static2.tinkoff.ru/portfolio/stories/images/seriesleto2018-1.jpg,Сериалы: что нового
1111,https://static2.tinkoff.ru/portfolio/stories/images/gop-stop_1.jpg,Спастись от гопников
1354,https://static2.tinkoff.ru/portfolio/stories/images/teatr_fest2907-1.jpg,Театральные фестивали
1503,https://static2.tinkoff.ru/portfolio/stories/images/cosmo1.jpg,Где заказывать косметику
1192,https://static2.tinkoff.ru/portfolio/stories/images/aa-mili_debit_03-06_1.jpg,Какие бывают мили
1483,https://static2.tinkoff.ru/portfolio/stories/images/1483/0.jpg,Вим Вендерс: с чего начать
1120,https://static2.tinkoff.ru/portfolio/stories/images/airsport1.jpg,Спорт на воздухе
1538,https://static2.tinkoff.ru/portfolio/stories/images/1538/buda1.jpg,Чем заняться в Буде
1400,https://static2.tinkoff.ru/portfolio/stories/images/oms0708-1.png,Как работает полис ОМС
1138,https://static2.tinkoff.ru/portfolio/stories/images/preimushestva_26-06_1.jpg,Плюсы Тинькофф Бизнеса
1205,https://static2.tinkoff.ru/portfolio/stories/images/1205/1_1.jpg,Итальянское мороженое
1140,https://static2.tinkoff.ru/portfolio/stories/images/kinogid280618_0.jpg,Что смотреть в кино
1149,https://static2.tinkoff.ru/portfolio/stories/images/spoluslova_28-06_1.jpg,Выиграйте 100 000 миль 
1355,https://static2.tinkoff.ru/portfolio/stories/images/bit3007-1.jpg,Техника для дачи
1235,https://static2.tinkoff.ru/portfolio/stories/images/1235/1.jpg,Как платить за границей
1298,https://static2.tinkoff.ru/portfolio/stories/images/nologi2107_1.jpg,Переводы и налоговая
1228,https://static2.tinkoff.ru/portfolio/stories/images/nalik_09-07_zahod.jpg,Снимайте до 1 млн ₽
1372,https://static2.tinkoff.ru/portfolio/stories/images/beirut1.jpg,Как у них: Ливан
1294,https://static2.tinkoff.ru/portfolio/stories/images/kino190718_0.jpg,Что смотреть в кино
1143,https://static2.tinkoff.ru/portfolio/stories/images/osmotr-ili-dosmotr_1.png,Осмотр и досмотр ГИБДД
1539,https://static2.tinkoff.ru/portfolio/stories/images/flat_cookie2508.png,Как снять квартиру
1229,https://static2.tinkoff.ru/portfolio/stories/images/nalik_09-07_zahod.jpg,Снимайте до 1 млн ₽
1391,https://static2.tinkoff.ru/portfolio/stories/images/roaming_europe_1.jpg,Роуминг в подарок
1346,https://static2.tinkoff.ru/portfolio/stories/images/kinoteatr2807-1.jpg,Летние кинотеатры
1465,https://static2.tinkoff.ru/portfolio/stories/images/cookie_school1608.png,Поборы в школе
1158,https://static2.tinkoff.ru/portfolio/stories/images/territory207-1.jpg,Территория: лучшие спектакли
1237,https://static2.tinkoff.ru/portfolio/stories/images/1237/wear1.jpg,Российский стритвир
1193,https://static2.tinkoff.ru/portfolio/stories/icons/poterali_icon_03-06.png,Потеряли карту
1356,https://static2.tinkoff.ru/portfolio/stories/images/petrol_1.jpg,Экономим на авто
1245,https://static2.tinkoff.ru/portfolio/stories/images/scan_1.jpg,Обмен сканами
1433,https://static2.tinkoff.ru/portfolio/stories/images/1433/car_fine_1.jpg,Избежать штрафов
1442,https://static2.tinkoff.ru/portfolio/stories/images/1442/gibdd_1.jpg,Как оспорить штраф
1207,https://static2.tinkoff.ru/portfolio/stories/images/1207/1.jpg,Лучшие виды на город
1525,https://static2.tinkoff.ru/portfolio/stories/images/1525/gadget1.jpg,Гаджеты для школы
1373,https://static2.tinkoff.ru/portfolio/stories/images/wakeboard0508-1.jpg,Где кататься на вейке 
1290,https://static2.tinkoff.ru/portfolio/stories/images/1290/1.jpg,Чек-листы
1295,https://static2.tinkoff.ru/portfolio/stories/images/1295/1.jpg,30 лет аниме «Акира»
1574,https://static2.tinkoff.ru/portfolio/stories/images/1574/k-2.jpg,Vogue Fashion’s Night Out
1206,https://static2.tinkoff.ru/portfolio/stories/images/credit_limit_1.jpg,Как повысить кредитный лимит
1230,https://static2.tinkoff.ru/portfolio/stories/images/tdf1.jpg,Тур де Франс 
1357,https://static2.tinkoff.ru/portfolio/stories/images/barcelona0308-1.jpg,Каталонский модернизм
1246,https://static2.tinkoff.ru/portfolio/stories/images/eco2207_1.jpg,Привычки на каждый день
1526,https://static2.tinkoff.ru/portfolio/stories/images/1526/cookie.png,Сколько заработала Роснефть
1374,https://static2.tinkoff.ru/portfolio/stories/images/barc-city1.jpg,Как устроена Барселона
1434,https://static2.tinkoff.ru/portfolio/stories/images/renta_cover.png,Что такое рента
1407,https://static2.tinkoff.ru/portfolio/stories/images/sum-study1.jpg,Интересные курсы
1575,https://static2.tinkoff.ru/portfolio/stories/images/1575/cookie.png,Как дела у Норникеля
1443,https://static2.tinkoff.ru/portfolio/stories/images/2308security_cookie.png,Как перевозить деньги
1160,https://static2.tinkoff.ru/portfolio/stories/images/slowly1.jpg,Медленное телевидение
1486,https://static2.tinkoff.ru/portfolio/stories/images/venders0_02.jpg,Вим Вендерс: с чего начать
1168,https://static2.tinkoff.ru/portfolio/stories/images/ivest_deripaski_30-06_1.jpg,Дерипаска и санкции
1264,https://static2.tinkoff.ru/portfolio/stories/images/1264/1.jpg,Защитить реквизиты карты
1194,https://static2.tinkoff.ru/portfolio/stories/images/turkey707-1.jpg,Как у них: Турция
1413,https://static2.tinkoff.ru/portfolio/stories/images/tufeleva1.jpg,Новый лучший парк Москвы
1504,https://static2.tinkoff.ru/portfolio/stories/images/free_analysis_1.png,Бесплатные анализы
1275,https://static2.tinkoff.ru/portfolio/stories/images/cafemsk1607-1.jpg,7 хороших кофеен
1250,https://static2.tinkoff.ru/portfolio/stories//images/1250/1.jpg,Магазин пропал
1171,https://static2.tinkoff.ru/portfolio/stories/icons/podderjka_icon_29-06_zahod.png,Связь с банком 
1220,https://static2.tinkoff.ru/portfolio/stories/images/zharko-na-rabote_1.jpg,Жарко на работе
1527,https://static2.tinkoff.ru/portfolio/stories/images/alfa-kino230818_zahod.jpg,Что смотреть в кино
1277,https://static2.tinkoff.ru/portfolio/stories/images/baraholka-1_12-07_1.jpg,Как определить цену
1231,https://static2.tinkoff.ru/portfolio/stories/images/muzgid90718_0.jpg,Концерты и вечеринки недели
1265,https://static2.tinkoff.ru/portfolio/stories/images/wienfood1.jpg,Главные венские блюда
1273,https://static2.tinkoff.ru/portfolio/stories/images/ikea1507-1.jpg,IKEA: для дачи
1408,https://static2.tinkoff.ru/portfolio/stories/images/iceland1.jpg,Как у них: Исландия
1375,https://static2.tinkoff.ru/portfolio/stories/images/poke0308-1.jpg,Где есть поке
1392,https://static2.tinkoff.ru/portfolio/stories/images/barc-day1.jpg,День в Барселоне
1239,https://static2.tinkoff.ru/portfolio/stories/images/1235/1.jpg,Как платить за границей
1164,https://static2.tinkoff.ru/portfolio/stories/images/kredit-story-poluchit_29-06_1.jpg,Как получить кредитную историю
1468,https://static2.tinkoff.ru/portfolio/stories/images/ms-cookie.png,Как дела у Microsoft
1435,https://static2.tinkoff.ru/portfolio/stories/images/hits1108-1.jpg,Вечные хиты
1358,https://static2.tinkoff.ru/portfolio/stories/images/Personal_Information_1.jpg,Что такое личные данные
1270,https://static2.tinkoff.ru/portfolio/stories/images/obmennik_12-07_zahod.jpg,Меняем лайки на мили
1505,https://static2.tinkoff.ru/portfolio/stories/images/cosmo1_01.jpg,Где заказывать косметику
1195,https://static2.tinkoff.ru/portfolio/stories/images/football_msk707-1.jpg,Где поиграть в футбол
1444,https://static2.tinkoff.ru/portfolio/stories/images/1444/1.jpg,Стильные надувные круги
1376,https://static2.tinkoff.ru/portfolio/stories/images/Zahod-kino020818-Robin.jpg,Что смотреть в кино
1209,https://static2.tinkoff.ru/portfolio/stories/images/booksale_1.jpg,Как продать старые книги
1221,https://static2.tinkoff.ru/portfolio/stories/images/1221/1.jpg,Банковская ячейка
1251,https://static2.tinkoff.ru/portfolio/stories/images/vdnh1207-1.jpg,ВДНХ летом
1445,https://static2.tinkoff.ru/portfolio/stories/images/krug1-magic_01.jpg,Стильные надувные круги
1547,https://static2.tinkoff.ru/portfolio/stories/images/1547/pgbd1.jpg,Парку Горького 90 лет
1506,https://static2.tinkoff.ru/portfolio/stories/images/school1_01.jpg,Как собрать ребенка в школу
1284,https://static2.tinkoff.ru/portfolio/stories/images/books_cover_kino_zahod.jpg,6 книг про кино
1424,https://static2.tinkoff.ru/portfolio/stories/images/lis-mus1.jpg,Музеи Лиссабона
1415,https://static2.tinkoff.ru/portfolio/stories/images/kino090818-1.jpg,Что смотреть в кино
1291,https://static2.tinkoff.ru/portfolio/stories/images/overdraft2007_1.jpg,Технический овердрафт
1247,https://static2.tinkoff.ru/portfolio/stories/images/1247/1.jpg,Госпошлины выросли
1469,https://static2.tinkoff.ru/portfolio/stories/images/salinas1.jpg,Как у них: Калифорния
1359,https://static2.tinkoff.ru/portfolio/stories/images/cofe_maker1.jpg,Лучшие кофемашины 
1528,https://static2.tinkoff.ru/portfolio/stories/images/2308freelance_cookie.png,Как работать на себя
1393,https://static2.tinkoff.ru/portfolio/stories/images/pp0408-1.jpg,Где играть в пинг-понг
1377,https://static2.tinkoff.ru/portfolio/stories/images/keramika0408-1.jpg,Бизнес: керамика
1271,https://static2.tinkoff.ru/portfolio/stories/images/1271/cookie_new.jpg,Платить меньше по кредиту
1297,https://static2.tinkoff.ru/portfolio/stories/images/1297/kiev1.jpg,День в Киеве
1299,https://static2.tinkoff.ru/portfolio/stories/images/rashodi-ipoteka_16-07_1.jpg,Расходы на ипотечной сделке
1394,https://static2.tinkoff.ru/portfolio/stories/images/kinoitogi-leto-1.jpg,Киноитоги полугодия
1470,https://static2.tinkoff.ru/portfolio/stories/images/Milehunter-1.jpg,Летать бесплатно
1279,https://static2.tinkoff.ru/portfolio/stories/images/1279/1.jpg,Палатки для похода
1416,https://static2.tinkoff.ru/portfolio/stories/images/glamp1.jpg,Что такое глэмпинг
1170,https://static2.tinkoff.ru/portfolio/stories/images/7anderson0.jpg,Главные фильмы Пола Андерсона
1306,https://static2.tinkoff.ru/portfolio/stories/images/firstaid1.jpg,Курсы первой помощи
1507,https://static2.tinkoff.ru/portfolio/stories/images/cookie_money200.png,Куда вложить 200 тысяч
1548,https://static2.tinkoff.ru/portfolio/stories/images/velvet2608-1.jpg,Бархатный сезон: куда ехать
1173,https://static2.tinkoff.ru/portfolio/stories/images/rus1-4_1.jpg,Сборная России в ¼ ЧМ
1196,https://static2.tinkoff.ru/portfolio/stories/images/rome607-1.jpg,Главное о Риме
1360,https://static2.tinkoff.ru/portfolio/stories/images/mziq310718_1.jpg,«Обе Две» и Пикник Афиши
1241,https://static2.tinkoff.ru/portfolio/stories/images/1241/1.jpg,Избавиться от ненужных вещей
1437,https://static2.tinkoff.ru/portfolio/stories/images/eurocheap1.jpg,Бюджетные путешествия
1308,https://static2.tinkoff.ru/portfolio/stories/icons/akcii_icon_19-07_zahod.png,Какие акции купить?
1326,https://static2.tinkoff.ru/portfolio/stories/images/makeup2507-1.jpg,Тренды мейкапа
1315,https://static2.tinkoff.ru/portfolio/stories/images/ikea2207-1.jpg,Новинки Икеи
1233,https://static2.tinkoff.ru/portfolio/stories/images/chd_frilans_pechenka.png,Фриланс и взносы
1303,https://static2.tinkoff.ru/portfolio/stories/images/kievcoffee0.jpg,Лучший кофе в Киеве
1210,https://static2.tinkoff.ru/portfolio/stories/images/password907_1.jpg,Надежный пароль
1253,https://static2.tinkoff.ru/portfolio/stories/images/zahod_genezis.jpg,Что смотреть в кино
1268,https://static2.tinkoff.ru/portfolio/stories/images/1268/1.jpg,Вложить в ОФЗ
1280,https://static2.tinkoff.ru/portfolio/stories/images/muzgid170718_1.jpg,Концерты недели
1242,https://static2.tinkoff.ru/portfolio/stories/images/mongolia1407-1.jpg,Как у них: Монголия
1300,https://static2.tinkoff.ru/portfolio/stories/images/1300/1.jpg,За неделю до поездки
1286,https://static2.tinkoff.ru/portfolio/stories/images/reitman0.jpg,Весь Джейсон Райтман
1293,https://static2.tinkoff.ru/portfolio/stories/images/1293/st1.jpg,Жизнь в Стокгольме
1305,https://static2.tinkoff.ru/portfolio/stories/images/kievstore.jpg,Шоурумы Киева
1313,https://static2.tinkoff.ru/portfolio/stories/images/muli2107-1.jpg,Мюли – тренд сезона
1426,https://static2.tinkoff.ru/portfolio/stories/images/lis-bar1.jpg,Лучшие бары Лиссабона
1249,https://static2.tinkoff.ru/portfolio/stories/images/akcii_11-07_1.jpg,Акции растут и падают
1307,https://static2.tinkoff.ru/portfolio/stories/images/1307/1.jpg,Пикник «Афиши»
1378,https://static2.tinkoff.ru/portfolio/stories/icons/new-4-4_icon_zahod.png,Что нового?
1316,https://static2.tinkoff.ru/portfolio/stories/images/wildrf1.jpg,По России дикарем
1314,https://static2.tinkoff.ru/portfolio/stories/images/sleep2107-1.jpg,Спальные мешки
1272,https://static2.tinkoff.ru/portfolio/stories/images/travel1407-1.jpg,Что взять в поход
1177,https://static2.tinkoff.ru/portfolio/stories/images/charityguide_1.jpg,Как помогать людям
1395,https://static2.tinkoff.ru/portfolio/stories/images/barc-rest1.jpg,Где есть в Барселоне
1223,https://static2.tinkoff.ru/portfolio/stories/images/1223/1.jpg,Тинькофф Путешествия
1317,https://static2.tinkoff.ru/portfolio/stories/images/biznes-kupit_20-07_1.jpg,Купить готовый бизнес
1197,https://static2.tinkoff.ru/portfolio/stories/icons/poterali_icon_03-06.png,Потеряли карту
1302,https://static2.tinkoff.ru/portfolio/stories/images/kievbars1.jpg,Бары Киева
1471,https://static2.tinkoff.ru/portfolio/stories/icons/compensation.png,Покупки за баллы
1361,https://static2.tinkoff.ru/portfolio/stories/images/turnip1.jpg,Продукт месяца: турнепс
1577,https://static2.tinkoff.ru/portfolio/stories/images/1577/yellow1-zahod.jpg,Что будет напоминать о лете
1379,https://static2.tinkoff.ru/portfolio/stories/icons/new-4-4_icon_zahod.png,Что нового?
1396,https://static2.tinkoff.ru/portfolio/stories/images/dacha-sport1.jpg,Спортивный инвентарь для дачи
1427,https://static2.tinkoff.ru/portfolio/stories/images/lis-park1.jpg,Парки Лиссабона
1318,https://static2.tinkoff.ru/portfolio/stories/images/world-bills_1.jpg,Красивые деньги
1327,https://static2.tinkoff.ru/portfolio/stories/images/1327/1.jpg,Страховка на квартиру
1509,https://static2.tinkoff.ru/portfolio/stories/images/delivery_airport_1.jpg,Еда в аэропорту: аэроменю
1529,https://static2.tinkoff.ru/portfolio/stories/images/1529/arenda1.jpg,Сервисы для поиска жилья
1384,https://static2.tinkoff.ru/portfolio/stories/images/baraholka-4_27-07_1.jpg,Разводы в объявлениях
1362,https://static2.tinkoff.ru/portfolio/stories/images/izdatelstva-_27-07_1.jpg,Какие книги покупать?
1319,https://static2.tinkoff.ru/portfolio/stories/images/pasport_trvl_04-07_1.png,Пропал загран
1530,https://static2.tinkoff.ru/portfolio/stories/images/alfa-kino230818_zahod_01.jpg,Что смотреть в кино
1541,https://static2.tinkoff.ru/portfolio/stories/images/live_travel_bg2708.jpg,Бюджетное жилье в поездках
1560,https://static2.tinkoff.ru/portfolio/stories/images/1560/coolbag1.jpg,8 сумок сезона
1410,https://static2.tinkoff.ru/portfolio/stories/images/bike-msk11.jpg,Покататься по Москве
1398,https://static2.tinkoff.ru/portfolio/stories/images/ETF_gold_k_1.jpg,Вложиться в золото
1417,https://static2.tinkoff.ru/portfolio/stories/images/wishlist_1.jpg,Вишлисты
1542,https://static2.tinkoff.ru/portfolio/stories/images/1542/budapest-food1.jpg,Еда в Будапеште
1561,https://static2.tinkoff.ru/portfolio/stories/images/1561/chd_cookie_gross.png,Рассчитать зарплату гросс
1321,https://static2.tinkoff.ru/portfolio/stories/images/security_abroad_1.jpg,Безопасность за границей
1322,https://static2.tinkoff.ru/portfolio/stories/images/economy_travel_1.jpg,Сэкономить в отпуске
1438,https://static2.tinkoff.ru/portfolio/stories/images/credit_card_cash_1.jpg,Обналичили кредитку
1363,https://static2.tinkoff.ru/portfolio/stories/images/barc_1.jpg,Самое важное о Барселоне
1385,https://static2.tinkoff.ru/portfolio/stories/images/ivi-movie_01.jpg,Кто вы из кино
1447,https://static2.tinkoff.ru/portfolio/stories/images/borzov_zahod.jpg,"Signal, Дельфин, Антоха MC"
1474,https://static2.tinkoff.ru/portfolio/stories/images/lisi-v-restorane_zahod.jpg,Сезон лисичек
1487,https://static2.tinkoff.ru/portfolio/stories/images/1487/1.jpg,Что делать на Faces & Laces
1488,https://static2.tinkoff.ru/portfolio/stories/images/cookie_eskrou.png,Что такое эскроу
1512,https://static2.tinkoff.ru/portfolio/stories/images/1512a/note-zahod.jpg,Ноутбуки для школьников
1448,https://static2.tinkoff.ru/portfolio/stories/images/borzov_zahod_01.jpg,"Signal, Дельфин, Антоха MC"
1543,https://static2.tinkoff.ru/portfolio/stories/images/1543/buda-bar1.jpg,Бары Будапешта
1364,https://static2.tinkoff.ru/portfolio/stories/images/baraholka-3_17-07_1.jpg,Торг с покупателем
1531,https://static2.tinkoff.ru/portfolio/stories/images/1531/phone_fraudsters_1.jpg,Телефонные мошенники 
1562,https://static2.tinkoff.ru/portfolio/stories/images/1562/zahod-teatr-chudes.jpg,Театральные премьеры осени
1380,https://static2.tinkoff.ru/portfolio/stories/images/leakage_personal_info_1.jpg,Утечка личных данных
1439,https://static2.tinkoff.ru/portfolio/stories/images/1439/1.png,Что такое полис ДМС
1325,https://static2.tinkoff.ru/portfolio/stories/images/muzgid230718_1.jpg,Концерты и фестивали недели
1399,https://static2.tinkoff.ru/portfolio/stories/images/vkuswill0708-1.jpg,Необычные продукты Вкусвилл
1411,https://static2.tinkoff.ru/portfolio/stories/images/spb-kofe1.jpg,Где пить кофе
1544,https://static2.tinkoff.ru/portfolio/stories/images/1544/velo1.jpg,Бизнес: студия велоспорта
1440,https://static2.tinkoff.ru/portfolio/stories/images/chd_blokirovka-otpusk_pechenka.png,Блокировка карты
1449,https://static2.tinkoff.ru/portfolio/stories/images/borzov_zahod_02.jpg,"Signal, Дельфин, Антоха MC"
1476,https://static2.tinkoff.ru/portfolio/stories/images/lisi-v-restorane_zahod_02.jpg,Сезон лисичек
1520,https://static2.tinkoff.ru/portfolio/stories/images/tcifra_dnia_2208.jpg,Цифра дня
1420,https://static2.tinkoff.ru/portfolio/stories/images/tinkoff_mortgage_1.jpg,Думаете об ипотеке?
1441,https://static2.tinkoff.ru/portfolio/stories/images/chd_nalog-kv_pechenka.png,Налог с продажи квартиры
1514,https://static2.tinkoff.ru/portfolio/stories/images/1514/platinum_1.jpg,Карта для любимых клиентов
1450,https://static2.tinkoff.ru/portfolio/stories/images/1450/1.jpg,Успеть до конца лета
234,https://static2.tinkoff.ru/portfolio/stories/images/254_cover.jpg,Как заработать больше
1477,https://static2.tinkoff.ru/portfolio/stories/images/kino160818-1.jpg,Что смотреть в кино
1546,https://static2.tinkoff.ru/portfolio/stories/images/Text_quest_01.jpg,Эпичный квест
1570,https://static2.tinkoff.ru/portfolio/stories/images/1570/zahod_kino300818.jpg,Что смотреть в кино
311,https://static2.tinkoff.ru/portfolio/stories/images/kak_nauchit_kopit_11.png,Как научить ребенка копить
329,https://static2.tinkoff.ru/portfolio/stories/images/strana_poesdki_1.jpg,Операции за границей
1515,https://static2.tinkoff.ru/portfolio/stories/images/chd_cookie_certificate.png,Подарочная карта
1534,https://static2.tinkoff.ru/portfolio/stories/images/1534/chd_cookie_poruchitel.png,Просят стать поручителем
1535,https://static2.tinkoff.ru/portfolio/stories/images/1525/gadget1_01.jpg,Гаджеты для школы
328,https://static2.tinkoff.ru/portfolio/stories/images/strana_poesdki_1.jpg,Операции за границей
1479,https://static2.tinkoff.ru/portfolio/stories/images/kino160818-1_02.jpg,Что смотреть в кино
1489,https://static2.tinkoff.ru/portfolio/stories/images/koridori1708-5.jpg,Семь миров Высоцкого
1480,https://static2.tinkoff.ru/portfolio/stories/images/car-tech1708-1.jpg,Гаджеты для авто
1522,https://static2.tinkoff.ru/portfolio/stories/images/1521/wp1_01.jpg,Оборудовать рабочее место
1536,https://static2.tinkoff.ru/portfolio/stories/images/1536/ya2308-mus1.jpg,Женский вокал
1572,https://static2.tinkoff.ru/portfolio/stories/images/1572/nalog-11.jpg,Вернуть деньги за лечение
1458,https://static2.tinkoff.ru/portfolio/stories/images/veter1508-1.jpg,Летний фестиваль
1537,https://static2.tinkoff.ru/portfolio/stories/images/aug-food1.jpg,5 сезонных продуктов
312,https://static2.tinkoff.ru/portfolio/stories/images/kak-perevesti-zp-na-tinkoff.jpg,Перевести зарплату на Tinkoff Black
1573,https://static2.tinkoff.ru/portfolio/stories/images/1573/1.jpg,Дачи писателей и художников
1222,https://static2.tinkoff.ru/portfolio/stories/images/rassrochka_26-06_1.jpg,Рассрочка в Тинькофф
1224,https://static2.tinkoff.ru/portfolio/stories/images/rassrochka_26-06_1.jpg,Рассрочка в Тинькофф
707,https://static2.tinkoff.ru/portfolio/stories/images/story_ipoteka_kakie_banki.png,Банки для ипотеки
1034,https://static2.tinkoff.ru/portfolio/stories/images/2doc_25-06.jpg,2 документа для ипотеки
1134,https://static2.tinkoff.ru/portfolio/stories/images/ipoteka-apartamenti_26-06_1.jpg,Ипотека на апартаменты
1371,https://static2.tinkoff.ru/portfolio/stories/images/prava_24-07_1.jpg,Получить права
379,https://static2.tinkoff.ru/portfolio/stories/images/nalogi_12.jpg,Налог с перевода
1490,https://static2.tinkoff.ru/portfolio/stories/images/koridori5_1.jpg,Семь миров Высоцкого
1053,https://static2.tinkoff.ru/portfolio/stories/images/fifa18_results_cookie.png,
723,https://static2.tinkoff.ru/portfolio/stories/images/karty-dlya-druzyashek.jpg,Продукты банка для друзей
492,https://static2.tinkoff.ru/portfolio/stories/images/fitness_sonya1.jpg,Бизнес: студия фитнеса
1456,https://static2.tinkoff.ru/portfolio/stories/images/multicurrency_card_1.jpg,Карта в 30 валютах
1466,https://static2.tinkoff.ru/portfolio/stories/images/multicurrency_card_1.jpg,Карта в 3 валютах
390,https://static2.tinkoff.ru/portfolio/stories/images/iszh_a_1.jpg,Инвестиции с защитой
126,https://static2.tinkoff.ru/portfolio/stories/images/spravka_cover.jpg,Справка из банка
154,https://static2.tinkoff.ru/portfolio/stories/icons/on_pincod.png,Блокировка карты
134,https://static2.tinkoff.ru/portfolio/stories/icons/komunalka_icon.png,Оплатить ЖКХ
264,https://static2.tinkoff.ru/portfolio/stories/images/220_cover.jpg,Кредит наличными
204,https://static2.tinkoff.ru/portfolio/stories/icons/skrit__icon.png,Скрытые карты
301,https://static2.tinkoff.ru/portfolio/stories/images/1-zvonok-tap1.png,Связь с банком
374,https://static2.tinkoff.ru/portfolio/stories/images/c2c_cover.jpg,Переводы без комиссии
225,https://static2.tinkoff.ru/portfolio/stories/images/naiti_bankomat_05-04_zahod.jpg,Как найти банкомат
1064,https://static2.tinkoff.ru/portfolio/stories/images/chd_luk_15-06_pechenka.png,Если упал в люк
1097,https://static2.tinkoff.ru/portfolio/stories/images/black-edition-credit_09-06_1.jpg,Повысьте статус карты
1178,https://static2.tinkoff.ru/portfolio/stories/images/chd_2mln_pechenka.png,Куда вложить 2 млн
314,https://static2.tinkoff.ru/portfolio/stories/images/vygoda_tinkoffblack_02.png,Выжать максимум из Tinkoff Black
577,https://static2.tinkoff.ru/portfolio/stories/images/ipoteka_20-03_1.jpg,Новинки Тинькофф Ипотеки
215,https://static2.tinkoff.ru/portfolio/stories/images/328_cover.jpg,Дать в долг государству
448,https://static2.tinkoff.ru/portfolio/stories/images/mcc_1.png,Что такое MCC
486,https://static2.tinkoff.ru/portfolio/stories/images/sd_skypelink_cookie.jpg,Проверьте себя
221,https://static2.tinkoff.ru/portfolio/stories/icons/chat.png,Помощь в чате
222,https://static2.tinkoff.ru/portfolio/stories/icons/chat.png,Помощь в чате
422,https://static2.tinkoff.ru/portfolio/stories/images/favorite_1.png,Избранные платежи
425,https://static2.tinkoff.ru/portfolio/stories/images/math_game_1.png,Настолки для детей
331,https://static2.tinkoff.ru/portfolio/stories/images/super_troyka.jpg,Что умеет «Тройка»
299,https://static2.tinkoff.ru/portfolio/stories/images/comix5.jpg,Бизнес: Магазин комиксов
706,https://static2.tinkoff.ru/portfolio/stories/images/sd_avito_23-04_1.jpg,Проверьте себя
516,https://static2.tinkoff.ru/portfolio/stories/images/life_stambul_1.jpg,Как у них: Стамбул
605,https://static2.tinkoff.ru/portfolio/stories/images/skritie_storiz_31-03.jpg,Что нового в Историях
799,https://static2.tinkoff.ru/portfolio/stories/images/799_cookie.png,Налог на проданную машину
845,https://static2.tinkoff.ru/portfolio/stories/images/1605zahod_gate.jpg,Российские дизайнеры по ценам Zara
836,https://static2.tinkoff.ru/portfolio/stories/images/kasko_st_15-05_zahod.jpg,Скидки на каско
426,https://static2.tinkoff.ru/portfolio/stories/images/01-nalogoviy-vychet.jpg,Вычет за квартиру
253,https://static2.tinkoff.ru/portfolio/stories/icons/strelka_icon_18-07_zahod.png,Пополнить «Стрелку»
575,https://static2.tinkoff.ru/portfolio/stories/images/ipoteka_20-03_1.jpg,Новинки Тинькофф Ипотеки
609,https://static2.tinkoff.ru/portfolio/stories/images/tcifra_dnia_10041.jpg,Цифра дня
682,https://static2.tinkoff.ru/portfolio/stories/images/tcifra_dnia_2004.jpg,Цифра дня
716,https://static2.tinkoff.ru/portfolio/stories/images/tcifra_dnia_2504.jpg,Цифра дня
778,https://static2.tinkoff.ru/portfolio/stories/images/tcifra_dnia_0405.jpg,Цифра дня
807,https://static2.tinkoff.ru/portfolio/stories/images/tcifra_dnia_1405.jpg,Цифра дня
849,https://static2.tinkoff.ru/portfolio/stories/images/creditka-zahod_15-05.jpg,Кредитка на 10% дешевле
857,https://static2.tinkoff.ru/portfolio/stories/images/creditka-zahod_15-05.jpg,Сделайте кредитку бесплатной
858,https://static2.tinkoff.ru/portfolio/stories/images/creditka-zahod_15-05.jpg,Кредитка на 10% дешевле
956,https://static2.tinkoff.ru/portfolio/stories/images/tcifra_dnia_010618.jpg,Цифра дня
967,https://static2.tinkoff.ru/portfolio/stories/images/tcifra_dnia_406.jpg,Цифра дня
968,https://static2.tinkoff.ru/portfolio/stories/images/tcifra_dnia_0606.jpg,Цифра дня
993,https://static2.tinkoff.ru/portfolio/stories/images/tcifra_dnia_1006.jpg,Бесплатная парковка
1005,https://static2.tinkoff.ru/portfolio/stories/images/tcifra_dnia_806.jpg,Цифра дня
1008,https://static2.tinkoff.ru/portfolio/stories/images/tcifra_dnia_1106.jpg,Цифра дня
1025,https://static2.tinkoff.ru/portfolio/stories/images/tcifra_dnia_1206.jpg,Цифра дня
1039,https://static2.tinkoff.ru/portfolio/stories/images/tcifra_dnia_1406.jpg,Цифра дня
1056,https://static2.tinkoff.ru/portfolio/stories/images/tcifra_dnia_1706.jpg,Цифра дня
1180,https://static2.tinkoff.ru/portfolio/stories/images/tcifra_dnia_0407.jpg,Цифра дня
1181,https://static2.tinkoff.ru/portfolio/stories/images/tcifra_dnia_0707.jpg,Цифра дня
1182,https://static2.tinkoff.ru/portfolio/stories/images/tcifra_dnia_1107.jpg,Цифра дня
1269,https://static2.tinkoff.ru/portfolio/stories/images/tcifra_dnia_1407-1.jpg,Цифра дня
1310,https://static2.tinkoff.ru/portfolio/stories/images/tcifra_dnia_2407.jpg,Цифра дня
1403,https://static2.tinkoff.ru/portfolio/stories/images/tcifra_dnia_1008.jpg,Цифра дня
1567,https://static2.tinkoff.ru/portfolio/stories/images/tcifra_dnia_3008.jpg,Цифра дня
1390,https://static2.tinkoff.ru/portfolio/stories/images/tcifra_dnia_0608.jpg,Цифра дня
882,https://static2.tinkoff.ru/portfolio/stories/icons/mili_icon.png,Авиабилет за мили
1473,https://static2.tinkoff.ru/portfolio/stories/icons/compensation.png,Покупки за баллы
266,https://static2.tinkoff.ru/portfolio/stories/icons/komunalka_icon.png,Счета за коммуналку
764,https://static2.tinkoff.ru/portfolio/stories/icons/on_pincod.png,ПИН или подпись
224,https://static2.tinkoff.ru/portfolio/stories/images/naiti_bankomat_05-04_zahod.jpg,Как найти банкомат
